Index,Arduino_CUSUM
1,4.083675384521484
2,4.644498825073242
3,5.931719779968262
4,6.878705978393555
5,7.4505391120910645
6,7.230745792388916
7,7.766397953033447
8,8.167139053344727
9,8.92995834350586
10,9.452879905700684
11,9.968780517578125
12,10.366665840148926
13,10.892024993896484
14,11.393248558044434
15,11.27280330657959
16,12.149800300598145
17,12.807772636413574
18,13.344961166381836
19,13.627914428710938
20,14.24172592163086
21,14.611329078674316
22,15.007341384887695
23,15.136289596557617
24,15.853872299194336
25,16.264102935791016
26,17.032129287719727
27,17.74356460571289
28,18.117246627807617
29,18.59367561340332
30,19.258514404296875
31,19.499189376831055
32,19.86141014099121
33,20.143678665161133
34,20.523996353149414
35,20.872365951538086
36,21.380632400512695
37,21.78467559814453
38,21.93895149230957
39,22.330759048461914
40,22.492658615112305
41,22.6018123626709
42,23.013654708862305
43,23.113788604736328
44,23.445222854614258
45,23.600566864013672
46,24.091487884521484
47,24.47077751159668
48,24.68235206604004
49,25.06629180908203
50,25.39197540283203
51,25.487577438354492
52,25.719335556030273
53,25.848432540893555
54,26.16796875
55,26.33453941345215
56,26.556503295898438
57,26.641820907592773
58,26.764556884765625
59,27.032045364379883
60,27.148700714111328
61,27.37699317932129
62,27.643465042114258
63,27.860841751098633
64,28.065019607543945
65,28.08596420288086
66,28.291324615478516
67,28.305641174316406
68,28.685739517211914
69,28.797977447509766
70,29.050378799438477
71,29.345775604248047
72,29.57703971862793
73,29.966726303100586
74,30.092905044555664
75,30.370811462402344
76,30.480493545532227
77,30.950681686401367
78,31.250497817993164
79,31.429664611816406
80,31.73680305480957
81,31.821475982666016
82,32.206932067871094
83,32.290489196777344
84,32.329620361328125
85,32.535987854003906
86,32.84096908569336
87,33.04948043823242
88,33.17521667480469
89,33.510719299316406
90,33.9774055480957
91,33.97110366821289
92,34.332340240478516
93,34.484046936035156
94,34.78914260864258
95,34.79732131958008
96,34.97003936767578
97,35.06942367553711
98,35.21739959716797
99,35.304447174072266
100,35.54008483886719
101,35.8609619140625
102,36.0059928894043
103,36.17755889892578
104,36.25948715209961
105,36.55289077758789
106,36.80126953125
107,36.83708953857422
108,37.174774169921875
109,37.24934387207031
110,37.33563995361328
111,37.38106155395508
112,37.454017639160156
113,37.60907745361328
114,37.8486328125
115,37.967559814453125
116,38.13530731201172
117,38.29465103149414
118,38.59132766723633
119,38.99209976196289
120,39.07436752319336
121,39.435794830322266
122,39.8162727355957
123,40.017730712890625
124,40.280113220214844
125,40.29779052734375
126,40.51924514770508
127,40.646907806396484
128,40.80895233154297
129,41.03584671020508
130,41.30545425415039
131,41.47627258300781
132,41.88837814331055
133,42.114322662353516
134,42.26860046386719
135,42.47987747192383
136,42.642250061035156
137,42.71626663208008
138,42.93130111694336
139,43.18476104736328
140,43.387542724609375
141,43.588645935058594
142,43.77040100097656
143,44.01155471801758
144,44.06739807128906
145,44.334049224853516
146,44.42191696166992
147,44.616432189941406
148,44.847999572753906
149,45.0328483581543
150,45.06459426879883
151,45.230812072753906
152,45.422786712646484
153,45.66925811767578
154,45.873809814453125
155,46.08411407470703
156,46.34091567993164
157,46.442955017089844
158,46.552330017089844
159,46.71206283569336
160,46.9000358581543
161,47.17513656616211
162,47.263118743896484
163,47.350433349609375
164,47.572120666503906
165,47.69750213623047
166,47.837852478027344
167,48.04426574707031
168,48.151737213134766
169,48.250308990478516
170,48.386329650878906
171,48.511322021484375
172,48.61265182495117
173,48.838233947753906
174,48.955467224121094
175,49.11606216430664
176,49.28172302246094
177,49.289886474609375
178,49.471641540527344
179,49.743446350097656
180,49.89595413208008
181,49.98880386352539
182,50.243873596191406
183,50.41664505004883
184,50.647335052490234
185,50.815731048583984
186,51.01438522338867
187,51.27647399902344
188,51.47739028930664
189,51.65616989135742
190,51.75447463989258
191,51.94824981689453
192,52.06605529785156
193,52.38023376464844
194,52.55454635620117
195,52.642494201660156
196,52.91389846801758
197,53.02683639526367
198,53.05534362792969
199,53.124595642089844
200,53.274940490722656
201,53.38980484008789
202,53.570655822753906
203,53.7001838684082
204,53.70928955078125
205,53.83430862426758
206,54.11048889160156
207,54.223670959472656
208,54.3260498046875
209,54.46261215209961
210,54.728363037109375
211,54.809635162353516
212,55.01094436645508
213,55.110721588134766
214,55.231170654296875
215,55.349510192871094
216,55.549598693847656
217,55.736854553222656
218,55.957275390625
219,56.176422119140625
220,56.47338104248047
221,56.62038803100586
222,56.58169937133789
223,56.68517303466797
224,56.77197265625
225,56.89275360107422
226,57.11564254760742
227,57.21677017211914
228,57.30118942260742
229,57.4768180847168
230,57.66672134399414
231,57.790218353271484
232,57.959373474121094
233,58.13421630859375
234,58.29967498779297
235,58.39970397949219
236,58.59046173095703
237,58.572811126708984
238,58.75461196899414
239,58.92158508300781
240,59.20167922973633
241,59.35826873779297
242,59.504146575927734
243,59.72411346435547
244,59.91204071044922
245,60.04930877685547
246,60.185279846191406
247,60.33195495605469
248,60.396446228027344
249,60.617225646972656
250,60.71749496459961
251,60.83417892456055
252,61.01710891723633
253,61.12660598754883
254,61.255889892578125
255,61.494529724121094
256,61.58782958984375
257,61.70838165283203
258,61.9441032409668
259,62.05658721923828
260,62.15495300292969
261,62.307151794433594
262,62.48272705078125
263,62.57429885864258
264,62.69983673095703
265,62.826229095458984
266,62.89713668823242
267,63.03278732299805
268,63.278099060058594
269,63.470123291015625
270,63.55609893798828
271,63.71278381347656
272,63.83018112182617
273,63.95296096801758
274,64.14301300048828
275,64.31547546386719
276,64.5085220336914
277,64.6708984375
278,64.75167083740234
279,64.85211181640625
280,64.9063949584961
281,65.07872772216797
282,65.29837036132812
283,65.32640075683594
284,65.46357727050781
285,65.6283187866211
286,65.74612426757812
287,65.82514953613281
288,65.89227294921875
289,66.10546875
290,66.22343444824219
291,66.42991638183594
292,66.51985168457031
293,66.73234558105469
294,66.89724731445312
295,67.02957916259766
296,67.23348236083984
297,67.34077453613281
298,67.44829559326172
299,67.57815551757812
300,67.70204162597656
301,67.82284545898438
302,67.9414291381836
303,68.01783752441406
304,68.2074203491211
305,68.28495788574219
306,68.36747741699219
307,68.44340515136719
308,68.67584228515625
309,68.83972930908203
310,69.00618743896484
311,69.01380157470703
312,69.11959838867188
313,69.32002258300781
314,69.53443145751953
315,69.53974914550781
316,69.525390625
317,69.57057189941406
318,69.6156005859375
319,69.78964233398438
320,69.94624328613281
321,70.1832275390625
322,70.32361602783203
323,70.43110656738281
324,70.65735626220703
325,70.83255004882812
326,71.00322723388672
327,71.19596099853516
328,71.31078338623047
329,71.46041107177734
330,71.65328216552734
331,71.66324615478516
332,71.79168701171875
333,71.86683654785156
334,71.94024658203125
335,72.02118682861328
336,72.17020416259766
337,72.29646301269531
338,72.35697174072266
339,72.51917266845703
340,72.67524719238281
341,72.83043670654297
342,72.97882843017578
343,73.17789459228516
344,73.26468658447266
345,73.35590362548828
346,73.52604675292969
347,73.68809509277344
348,73.8799057006836
349,74.0055160522461
350,74.1673355102539
351,74.3594970703125
352,74.44406127929688
353,74.67340087890625
354,74.75642395019531
355,74.78657531738281
356,74.9051513671875
357,75.0428466796875
358,75.12870025634766
359,75.19517517089844
360,75.28179168701172
361,75.47270965576172
362,75.47626495361328
363,75.48059844970703
364,75.53148651123047
365,75.71928405761719
366,75.89665222167969
367,75.97348022460938
368,76.10165405273438
369,76.26303100585938
370,76.41632843017578
371,76.57220458984375
372,76.708740234375
373,76.85262298583984
374,76.89508819580078
375,77.1413345336914
376,77.25569915771484
377,77.4087142944336
378,77.45577239990234
379,77.55977630615234
380,77.72769165039062
381,77.86075592041016
382,78.00033569335938
383,78.05072021484375
384,78.20330810546875
385,78.29888916015625
386,78.32936096191406
387,78.48919677734375
388,78.61461639404297
389,78.6976318359375
390,78.83765411376953
391,78.8572769165039
392,79.09886169433594
393,79.09033203125
394,79.23313903808594
395,79.34471893310547
396,79.40280151367188
397,79.54568481445312
398,79.6471939086914
399,79.8568115234375
400,79.9193115234375
401,79.89476013183594
402,79.82669830322266
403,79.66924285888672
404,79.5605239868164
405,79.41219329833984
406,79.20362854003906
407,79.21279907226562
408,79.20326232910156
409,79.11473846435547
410,78.94010162353516
411,78.87297058105469
412,78.72319030761719
413,78.66138458251953
414,78.61481475830078
415,78.53109741210938
416,78.43345642089844
417,78.39923858642578
418,78.36495971679688
419,78.29524230957031
420,78.19584655761719
421,78.155029296875
422,78.0740966796875
423,78.0617904663086
424,77.90030670166016
425,77.80474090576172
426,77.7742919921875
427,77.64627075195312
428,77.46222686767578
429,77.40348052978516
430,77.28175354003906
431,77.16621398925781
432,77.1194076538086
433,77.14591217041016
434,77.06025695800781
435,77.02381896972656
436,76.8212661743164
437,76.73905181884766
438,76.5582275390625
439,76.37984466552734
440,76.36983489990234
441,76.32169342041016
442,76.2672119140625
443,76.15319061279297
444,75.99928283691406
445,75.93779754638672
446,75.7928237915039
447,75.8387451171875
448,75.75917053222656
449,75.692626953125
450,75.52484130859375
451,75.4697494506836
452,75.4478530883789
453,75.3821792602539
454,75.30304718017578
455,75.30473327636719
456,75.26144409179688
457,75.2138671875
458,75.18948364257812
459,75.12679290771484
460,75.21320343017578
461,75.15131378173828
462,75.1280517578125
463,75.0966567993164
464,75.05491638183594
465,75.03128051757812
466,74.97053527832031
467,74.78917694091797
468,74.66818237304688
469,74.71342468261719
470,74.73650360107422
471,74.65267944335938
472,74.44256591796875
473,74.32516479492188
474,74.16885375976562
475,74.00382995605469
476,73.9771957397461
477,73.9074478149414
478,73.90680694580078
479,73.7614974975586
480,73.63336944580078
481,73.59168243408203
482,73.57707977294922
483,73.49314880371094
484,73.36817169189453
485,73.39054107666016
486,73.40419006347656
487,73.38529205322266
488,73.35391235351562
489,73.21817779541016
490,73.03939056396484
491,73.0767593383789
492,73.01945495605469
493,72.90404510498047
494,72.91072845458984
495,72.80668640136719
496,72.71095275878906
497,72.66221618652344
498,72.5185546875
499,72.42139434814453
500,72.29566955566406
501,72.2518310546875
502,72.12565612792969
503,72.06259155273438
504,71.98821258544922
505,71.88409423828125
506,71.68511962890625
507,71.57806396484375
508,71.4566421508789
509,71.39369201660156
510,71.30082702636719
511,71.21155548095703
512,71.10601806640625
513,71.02680206298828
514,70.94757843017578
515,70.74988555908203
516,70.75157165527344
517,70.71605682373047
518,70.66034698486328
519,70.55268096923828
520,70.52145385742188
521,70.4384994506836
522,70.36412048339844
523,70.22750091552734
524,70.23648834228516
525,70.17353820800781
526,70.20524597167969
527,70.22804260253906
528,70.16606140136719
529,70.1340560913086
530,70.15692901611328
531,70.06573486328125
532,70.00994873046875
533,69.93304443359375
534,69.88603973388672
535,69.83161163330078
536,69.82695007324219
537,69.79358673095703
538,69.68548583984375
539,69.65165710449219
540,69.54735565185547
541,69.42655944824219
542,69.40338134765625
543,69.2806625366211
544,69.234130859375
545,69.1304931640625
546,69.14009857177734
547,69.11437225341797
548,69.03292083740234
549,69.01189422607422
550,68.97232818603516
551,68.85301208496094
552,68.78215026855469
553,68.67524719238281
554,68.63752746582031
555,68.54532623291016
556,68.47395324707031
557,68.3526382446289
558,68.24530029296875
559,68.19273376464844
560,68.08390808105469
561,68.01799774169922
562,67.96762084960938
563,67.89920043945312
564,67.82636260986328
565,67.6820297241211
566,67.61050415039062
567,67.46339416503906
568,67.46295928955078
569,67.35577392578125
570,67.30583190917969
571,67.2744369506836
572,67.21773529052734
573,67.22754669189453
574,67.12899017333984
575,67.09439086914062
576,66.98977661132812
577,67.0384521484375
578,67.01631164550781
579,66.94345092773438
580,66.9263687133789
581,66.81382751464844
582,66.83265686035156
583,66.72046661376953
584,66.58876037597656
585,66.53108215332031
586,66.51799774169922
587,66.46277618408203
588,66.37094116210938
589,66.37425994873047
590,66.43841552734375
591,66.28829193115234
592,66.30652618408203
593,66.22944641113281
594,66.22378540039062
595,66.08100891113281
596,66.01490783691406
597,65.91484069824219
598,65.83785247802734
599,65.73236846923828
600,65.69767761230469
601,65.70442199707031
602,65.62786865234375
603,65.56446838378906
604,65.45816040039062
605,65.45463562011719
606,65.43008422851562
607,65.30225372314453
608,65.32266998291016
609,65.21438598632812
610,65.11197662353516
611,64.9893798828125
612,64.8804931640625
613,64.81279754638672
614,64.78795623779297
615,64.70295715332031
616,64.6429214477539
617,64.57903289794922
618,64.58557891845703
619,64.64627075195312
620,64.54466247558594
621,64.5870132446289
622,64.64030456542969
623,64.60188293457031
624,64.59571075439453
625,64.46247100830078
626,64.4358901977539
627,64.36058807373047
628,64.3036880493164
629,64.28147888183594
630,64.28253936767578
631,64.23174285888672
632,64.31021118164062
633,64.29015350341797
634,64.23217010498047
635,64.20525360107422
636,64.15242767333984
637,64.05206298828125
638,64.02848052978516
639,64.02637481689453
640,63.997215270996094
641,63.96761703491211
642,63.9278564453125
643,63.92129135131836
644,63.812808990478516
645,63.82130813598633
646,63.73102569580078
647,63.70036315917969
648,63.69087600708008
649,63.65574645996094
650,63.53494644165039
651,63.48991775512695
652,63.45980453491211
653,63.46102523803711
654,63.43901443481445
655,63.420753479003906
656,63.42953109741211
657,63.35030746459961
658,63.27545166015625
659,63.22977066040039
660,63.20071029663086
661,63.22244644165039
662,63.13636016845703
663,63.05000305175781
664,63.04205322265625
665,62.97836685180664
666,62.923667907714844
667,62.90799331665039
668,62.83457946777344
669,62.75609588623047
670,62.69989776611328
671,62.63742446899414
672,62.56111526489258
673,62.55889892578125
674,62.4925651550293
675,62.45233917236328
676,62.415470123291016
677,62.284393310546875
678,62.257652282714844
679,62.285560607910156
680,62.24199295043945
681,62.162601470947266
682,62.1817626953125
683,62.15143966674805
684,62.156742095947266
685,62.124488830566406
686,62.11107635498047
687,62.13695526123047
688,62.12580108642578
689,62.10142517089844
690,62.02775192260742
691,62.01322555541992
692,61.952030181884766
693,62.01287841796875
694,61.98744201660156
695,61.90851974487305
696,61.94422149658203
697,61.88138198852539
698,61.76581573486328
699,61.6757926940918
700,61.636844635009766
701,61.57579803466797
702,61.55659484863281
703,61.5052490234375
704,61.37781524658203
705,61.323890686035156
706,61.366310119628906
707,61.305416107177734
708,61.237796783447266
709,61.19218444824219
710,61.22955322265625
711,61.1490478515625
712,61.14581298828125
713,61.07754898071289
714,61.02275466918945
715,60.9667854309082
716,60.96391296386719
717,60.95308303833008
718,60.9641227722168
719,60.974735260009766
720,61.036468505859375
721,61.0008544921875
722,60.84401321411133
723,60.78014373779297
724,60.70547103881836
725,60.65324401855469
726,60.66841506958008
727,60.60367965698242
728,60.528045654296875
729,60.512840270996094
730,60.50739288330078
731,60.458187103271484
732,60.43951416015625
733,60.424896240234375
734,60.4043083190918
735,60.34028244018555
736,60.337074279785156
737,60.194549560546875
738,60.18574142456055
739,60.16726303100586
740,60.22518539428711
741,60.20034408569336
742,60.168514251708984
743,60.18699645996094
744,60.18413162231445
745,60.14722442626953
746,60.10962677001953
747,60.079505920410156
748,59.993614196777344
749,60.01438522338867
750,59.95318603515625
751,59.90333557128906
752,59.899024963378906
753,59.844608306884766
754,59.803924560546875
755,59.838653564453125
756,59.77363204956055
757,59.727516174316406
758,59.761131286621094
759,59.70984649658203
760,59.64892578125
761,59.62546920776367
762,59.61845779418945
763,59.55326461791992
764,59.51182556152344
765,59.471153259277344
766,59.391876220703125
767,59.357948303222656
768,59.4010009765625
769,59.40706253051758
770,59.338932037353516
771,59.32060623168945
772,59.27483367919922
773,59.23299026489258
774,59.23879623413086
775,59.23243713378906
776,59.24088668823242
777,59.22787094116211
778,59.15717697143555
779,59.10052490234375
780,59.01114273071289
781,59.00586700439453
782,59.034568786621094
783,58.926761627197266
784,58.89696502685547
785,58.8870735168457
786,58.84375
787,58.77273941040039
788,58.693241119384766
789,58.718868255615234
790,58.67620086669922
791,58.697505950927734
792,58.63494110107422
793,58.66105651855469
794,58.65302276611328
795,58.6215934753418
796,58.642250061035156
797,58.59300994873047
798,58.544044494628906
799,58.511451721191406
800,58.47465515136719
801,58.43574142456055
802,58.39533996582031
803,58.32421875
804,58.336021423339844
805,58.26593780517578
806,58.19955825805664
807,58.12841033935547
808,58.17243957519531
809,58.166290283203125
810,58.1622428894043
811,58.04116439819336
812,57.99257278442383
813,58.014068603515625
814,58.046180725097656
815,57.923561096191406
816,57.786277770996094
817,57.693138122558594
818,57.59988021850586
819,57.60268783569336
820,57.59270477294922
821,57.642879486083984
822,57.621212005615234
823,57.57509231567383
824,57.61797332763672
825,57.622886657714844
826,57.624610900878906
827,57.64310073852539
828,57.60325241088867
829,57.58970260620117
830,57.608890533447266
831,57.49038314819336
832,57.46125411987305
833,57.3919792175293
834,57.32143783569336
835,57.25663375854492
836,57.24348831176758
837,57.213233947753906
838,57.13316345214844
839,57.13043212890625
840,57.123207092285156
841,57.1154899597168
842,57.10273742675781
843,57.12882614135742
844,57.06935501098633
845,57.013328552246094
846,57.01778793334961
847,57.0162353515625
848,57.03769302368164
849,57.00852584838867
850,57.007301330566406
851,57.02959060668945
852,56.969234466552734
853,57.020530700683594
854,56.959197998046875
855,56.85707473754883
856,56.82328796386719
857,56.80439758300781
858,56.7454833984375
859,56.67159652709961
860,56.61336898803711
861,56.63620376586914
862,56.51357650756836
863,56.3914909362793
864,56.30559539794922
865,56.326446533203125
866,56.339351654052734
867,56.27391052246094
868,56.24864959716797
869,56.249488830566406
870,56.2441520690918
871,56.24098587036133
872,56.2227897644043
873,56.210479736328125
874,56.118587493896484
875,56.187015533447266
876,56.15184783935547
877,56.147247314453125
878,56.0591926574707
879,56.01609802246094
880,56.02357864379883
881,56.003662109375
882,55.9890022277832
883,55.90380096435547
884,55.89963912963867
885,55.85036849975586
886,55.749427795410156
887,55.75132369995117
888,55.72597122192383
889,55.66694641113281
890,55.653404235839844
891,55.543907165527344
892,55.61162567138672
893,55.47969055175781
894,55.46873092651367
895,55.43288803100586
896,55.35425567626953
897,55.343631744384766
898,55.29991912841797
899,55.34312057495117
900,55.26823425292969
901,55.30308532714844
902,55.30274200439453
903,55.23014831542969
904,55.19654846191406
905,55.13071060180664
906,55.01589584350586
907,55.0767822265625
908,55.1224365234375
909,55.103981018066406
910,55.015506744384766
911,55.013916015625
912,54.94501495361328
913,54.94731903076172
914,54.961830139160156
915,54.9459342956543
916,54.91849136352539
917,54.94252014160156
918,54.96635818481445
919,54.96112060546875
920,54.93143081665039
921,54.949432373046875
922,54.934444427490234
923,54.9754753112793
924,54.89408874511719
925,54.86648941040039
926,54.89213943481445
927,54.83747482299805
928,54.73647689819336
929,54.73828125
930,54.68804168701172
931,54.64265060424805
932,54.65372848510742
933,54.72517395019531
934,54.70389938354492
935,54.72312927246094
936,54.60475158691406
937,54.58570098876953
938,54.48472595214844
939,54.38547134399414
940,54.42564392089844
941,54.434051513671875
942,54.437042236328125
943,54.390350341796875
944,54.31023025512695
945,54.30683135986328
946,54.23366928100586
947,54.319515228271484
948,54.3005485534668
949,54.29229736328125
950,54.19921875
951,54.200157165527344
952,54.2287483215332
953,54.220542907714844
954,54.20090103149414
955,54.2489013671875
956,54.25905990600586
957,54.26548385620117
958,54.291282653808594
959,54.284725189208984
960,54.40361022949219
961,54.397525787353516
962,54.42386245727539
963,54.44322967529297
964,54.45375442504883
965,54.479461669921875
966,54.473670959472656
967,54.36561965942383
968,54.30842208862305
969,54.391944885253906
970,54.456634521484375
971,54.43053436279297
972,54.296966552734375
973,54.24189758300781
974,54.15351867675781
975,54.05746841430664
976,54.07904815673828
977,54.063785552978516
978,54.10731506347656
979,54.027278900146484
980,53.96167755126953
981,53.96976089477539
982,54.00090408325195
983,53.97260665893555
984,53.90898513793945
985,53.971473693847656
986,54.02643585205078
987,54.05341339111328
988,54.069580078125
989,53.995948791503906
990,53.88505554199219
991,53.9599609375
992,53.95329284667969
993,53.896427154541016
994,53.94466018676758
995,53.897281646728516
996,53.85689163208008
997,53.856956481933594
998,53.77480697631836
999,53.73267364501953
1000,53.66563415527344
1001,53.66935729980469
1002,53.601566314697266
1003,53.58834457397461
1004,53.565155029296875
1005,53.5160026550293
1006,53.38418197631836
1007,53.332069396972656
1008,53.26725769042969
1009,53.253204345703125
1010,53.21293640136719
1011,53.17565155029297
1012,53.12400817871094
1013,53.09518051147461
1014,53.06620788574219
1015,52.93347930908203
1016,52.9749641418457
1017,52.983821868896484
1018,52.974891662597656
1019,52.920291900634766
1020,52.93258285522461
1021,52.89937973022461
1022,52.87356185913086
1023,52.79289245605469
1024,52.840110778808594
1025,52.823974609375
1026,52.891090393066406
1027,52.950340270996094
1028,52.9348030090332
1029,52.945594787597656
1030,53.0047721862793
1031,52.96312713623047
1032,52.9526481628418
1033,52.92337417602539
1034,52.92044448852539
1035,52.91083908081055
1036,52.94523239135742
1037,52.95412826538086
1038,52.896610260009766
1039,52.90488815307617
1040,52.85045623779297
1041,52.78120422363281
1042,52.79861831665039
1043,52.727359771728516
1044,52.723785400390625
1045,52.66920852661133
1046,52.715492248535156
1047,52.73020935058594
1048,52.69509506225586
1049,52.713836669921875
1050,52.715938568115234
1051,52.64661407470703
1052,52.6204833984375
1053,52.56196594238281
1054,52.5652961730957
1055,52.51967239379883
1056,52.49261474609375
1057,52.42059326171875
1058,52.36095428466797
1059,52.350406646728516
1060,52.289154052734375
1061,52.2663688659668
1062,52.25747299194336
1063,52.23222351074219
1064,52.202877044677734
1065,52.10890197753906
1066,52.080482482910156
1067,51.98365020751953
1068,52.01921463012695
1069,51.958187103271484
1070,51.948829650878906
1071,51.9561653137207
1072,51.940513610839844
1073,51.98506164550781
1074,51.93128204345703
1075,51.9354133605957
1076,51.87588882446289
1077,51.955535888671875
1078,51.97079086303711
1079,51.939842224121094
1080,51.95957565307617
1081,51.89229202270508
1082,51.94460678100586
1083,51.87741470336914
1084,51.79225158691406
1085,51.7745246887207
1086,51.79744338989258
1087,51.781803131103516
1088,51.732574462890625
1089,51.77031707763672
1090,51.86374282836914
1091,51.76085662841797
1092,51.8121452331543
1093,51.77598571777344
1094,51.805267333984375
1095,51.70857620239258
1096,51.68217849731445
1097,51.624446868896484
1098,51.58781433105469
1099,51.52485275268555
1100,51.526947021484375
1101,51.567169189453125
1102,51.53056716918945
1103,51.50597381591797
1104,51.44168472290039
1105,51.472206115722656
1106,51.483272552490234
1107,51.39875793457031
1108,51.45127487182617
1109,51.38461685180664
1110,51.32327651977539
1111,51.243080139160156
1112,51.175445556640625
1113,51.14590072631836
1114,51.15605545043945
1115,51.110267639160156
1116,51.08757400512695
1117,51.06121826171875
1118,51.100311279296875
1119,51.18981170654297
1120,51.12814712524414
1121,51.20054626464844
1122,51.28318405151367
1123,51.28025817871094
1124,51.30738067626953
1125,51.21575164794922
1126,51.22367858886719
1127,51.18598175048828
1128,51.16541290283203
1129,51.17724609375
1130,51.210845947265625
1131,51.195804595947266
1132,51.301944732666016
1133,51.31568145751953
1134,51.293758392333984
1135,51.30094909667969
1136,51.28373718261719
1137,51.221736907958984
1138,51.231868743896484
1139,51.26219177246094
1140,51.26699447631836
1141,51.27134704589844
1142,51.26606750488281
1143,51.292049407958984
1144,51.221771240234375
1145,51.26189422607422
1146,51.208621978759766
1147,51.211631774902344
1148,51.23463821411133
1149,51.23333740234375
1150,51.15081024169922
1151,51.13997268676758
1152,51.143226623535156
1153,51.17616653442383
1154,51.187042236328125
1155,51.20143508911133
1156,51.24150085449219
1157,51.19786071777344
1158,51.15827941894531
1159,51.146385192871094
1160,51.1502685546875
1161,51.20253372192383
1162,51.1519660949707
1163,51.10103988647461
1164,51.1248779296875
1165,51.09543991088867
1166,51.074520111083984
1167,51.09085464477539
1168,51.05191421508789
1169,51.00802993774414
1170,50.98539352416992
1171,50.9566764831543
1172,50.91462707519531
1173,50.943565368652344
1174,50.91093826293945
1175,50.903316497802734
1176,50.898868560791016
1177,50.80378341674805
1178,50.808929443359375
1179,50.86664581298828
1180,50.85554122924805
1181,50.80986785888672
1182,50.8591194152832
1183,50.860652923583984
1184,50.896522521972656
1185,50.89612579345703
1186,50.91389083862305
1187,50.96962356567383
1188,50.98955535888672
1189,50.99666213989258
1190,50.95600891113281
1191,50.97257614135742
1192,50.94388198852539
1193,51.03348922729492
1194,51.03941345214844
1195,50.99338150024414
1196,51.05861282348633
1197,51.02809524536133
1198,50.94622039794922
1199,50.889076232910156
1200,50.881568908691406
1201,50.715518951416016
1202,50.59012985229492
1203,50.433319091796875
1204,50.202144622802734
1205,50.04254150390625
1206,49.97692108154297
1207,49.8103141784668
1208,49.63700485229492
1209,49.48508834838867
1210,49.41429138183594
1211,49.228023529052734
1212,49.1173210144043
1213,48.94279479980469
1214,48.781349182128906
1215,48.618621826171875
1216,48.507911682128906
1217,48.389312744140625
1218,48.292137145996094
1219,48.19448471069336
1220,48.14708709716797
1221,48.00382995605469
1222,47.74104309082031
1223,47.569664001464844
1224,47.38749313354492
1225,47.227325439453125
1226,47.13357162475586
1227,46.96083450317383
1228,46.777183532714844
1229,46.653141021728516
1230,46.538665771484375
1231,46.380794525146484
1232,46.253047943115234
1233,46.12922668457031
1234,45.9993896484375
1235,45.826377868652344
1236,45.713584899902344
1237,45.462364196777344
1238,45.343780517578125
1239,45.21550750732422
1240,45.16312789916992
1241,45.02837371826172
1242,44.886558532714844
1243,44.79475402832031
1244,44.68162536621094
1245,44.534454345703125
1246,44.38648986816406
1247,44.24586868286133
1248,44.0494270324707
1249,43.95942306518555
1250,43.78739929199219
1251,43.626583099365234
1252,43.511226654052734
1253,43.34559631347656
1254,43.1935920715332
1255,43.11708068847656
1256,42.940460205078125
1257,42.78266525268555
1258,42.704811096191406
1259,42.54160690307617
1260,42.36857986450195
1261,42.23308181762695
1262,42.114036560058594
1263,41.936317443847656
1264,41.782371520996094
1265,41.62907409667969
1266,41.43671417236328
1267,41.28994369506836
1268,41.22078323364258
1269,41.11421585083008
1270,40.932579040527344
1271,40.801151275634766
1272,40.641845703125
1273,40.486385345458984
1274,40.379051208496094
1275,40.25931167602539
1276,40.15449523925781
1277,40.027828216552734
1278,39.842506408691406
1279,39.67128372192383
1280,39.46664810180664
1281,39.34734344482422
1282,39.26249694824219
1283,39.03866195678711
1284,38.89405822753906
1285,38.769615173339844
1286,38.61098861694336
1287,38.423980712890625
1288,38.22814178466797
1289,38.13946533203125
1290,37.98094940185547
1291,37.887691497802734
1292,37.70858383178711
1293,37.62005615234375
1294,37.496498107910156
1295,37.348873138427734
1296,37.25450134277344
1297,37.08837890625
1298,36.922393798828125
1299,36.7730598449707
1300,36.61928176879883
1301,36.46318435668945
1302,36.305416107177734
1303,36.115901947021484
1304,36.011566162109375
1305,35.822811126708984
1306,35.637699127197266
1307,35.44749069213867
1308,35.375911712646484
1309,35.25250244140625
1310,35.13114547729492
1311,34.888763427734375
1312,34.7210807800293
1313,34.625736236572266
1314,34.541297912597656
1315,34.29657745361328
1316,34.036415100097656
1317,33.821754455566406
1318,33.60676574707031
1319,33.49125289916992
1320,33.36235427856445
1321,33.29582977294922
1322,33.15458297729492
1323,32.98777389526367
1324,32.913414001464844
1325,32.799461364746094
1326,32.68208694458008
1327,32.58207702636719
1328,32.421142578125
1329,32.28749465942383
1330,32.18789291381836
1331,31.944379806518555
1332,31.79401969909668
1333,31.601543426513672
1334,31.40754508972168
1335,31.2193603515625
1336,31.085086822509766
1337,30.932762145996094
1338,30.728050231933594
1339,30.604259490966797
1340,30.47563934326172
1341,30.346370697021484
1342,30.21169090270996
1343,30.117708206176758
1344,29.933639526367188
1345,29.753002166748047
1346,29.635881423950195
1347,29.512310028076172
1348,29.412872314453125
1349,29.25993537902832
1350,29.13633918762207
1351,29.03744888305664
1352,28.851133346557617
1353,28.782663345336914
1354,28.594993591308594
1355,28.363954544067383
1356,28.205036163330078
1357,28.061735153198242
1358,27.875852584838867
1359,27.673892974853516
1360,27.488338470458984
1361,27.388662338256836
1362,27.134336471557617
1363,26.880308151245117
1364,26.66450309753418
1365,26.56206512451172
1366,26.451065063476562
1367,26.256473541259766
1368,26.104503631591797
1369,25.98021125793457
1370,25.84918975830078
1371,25.720346450805664
1372,25.575307846069336
1373,25.4364013671875
1374,25.21221923828125
1375,25.15937042236328
1376,24.995532989501953
1377,24.864261627197266
1378,24.64337921142578
1379,24.470474243164062
1380,24.351665496826172
1381,24.20329475402832
1382,24.060415267944336
1383,23.841522216796875
1384,23.70956802368164
1385,23.528911590576172
1386,23.292402267456055
1387,23.16643524169922
1388,23.010948181152344
1389,22.818958282470703
1390,22.67583656311035
1391,22.428922653198242
1392,22.373228073120117
1393,22.10158920288086
1394,21.960519790649414
1395,21.792348861694336
1396,21.577634811401367
1397,21.43637466430664
1398,21.25905990600586
1399,21.175851821899414
1400,20.964338302612305
1401,20.87177085876465
1402,20.740846633911133
1403,20.53118896484375
1404,20.36371421813965
1405,20.16093635559082
1406,19.904565811157227
1407,19.839405059814453
1408,19.757553100585938
1409,19.605632781982422
1410,19.37706184387207
1411,19.243146896362305
1412,19.035480499267578
1413,18.905452728271484
1414,18.788618087768555
1415,18.63833999633789
1416,18.4752197265625
1417,18.368328094482422
1418,18.261091232299805
1419,18.121795654296875
1420,17.955467224121094
1421,17.841346740722656
1422,17.6908016204834
1423,17.601699829101562
1424,17.377708435058594
1425,17.212678909301758
1426,17.106138229370117
1427,16.910871505737305
1428,16.66422462463379
1429,16.530780792236328
1430,16.339662551879883
1431,16.153661727905273
1432,16.029878616333008
1433,15.972755432128906
1434,15.812849044799805
1435,15.69761848449707
1436,15.429640769958496
1437,15.271526336669922
1438,15.022246360778809
1439,14.774555206298828
1440,14.681528091430664
1441,14.5530366897583
1442,14.418341636657715
1443,14.228126525878906
1444,14.000410079956055
1445,13.857937812805176
1446,13.637426376342773
1447,13.594130516052246
1448,13.433680534362793
1449,13.28498363494873
1450,13.04120922088623
1451,12.90231990814209
1452,12.794200897216797
1453,12.644693374633789
1454,12.482145309448242
1455,12.395257949829102
1456,12.265748023986816
1457,12.13186264038086
1458,12.019552230834961
1459,11.870688438415527
1460,11.862768173217773
1461,11.714082717895508
1462,11.60171890258789
1463,11.481325149536133
1464,11.3507719039917
1465,11.237147331237793
1466,11.087776184082031
1467,10.822601318359375
1468,10.614579200744629
1469,10.565507888793945
1470,10.495010375976562
1471,10.321507453918457
1472,10.025899887084961
1473,9.818937301635742
1474,9.573859214782715
1475,9.319716453552246
1476,9.198933601379395
1477,9.036030769348145
1478,8.939815521240234
1479,8.702692985534668
1480,8.481677055358887
1481,8.344368934631348
1482,8.233154296875
1483,8.05388069152832
1484,7.833967208862305
1485,7.757919788360596
1486,7.673118591308594
1487,7.5561137199401855
1488,7.4265360832214355
1489,7.1937971115112305
1490,6.917970180511475
1491,6.854992389678955
1492,6.698203086853027
1493,6.483453750610352
1494,6.389258861541748
1495,6.184850215911865
1496,5.988168239593506
1497,5.8378005027771
1498,5.592369556427002
1499,5.3927321434021
1500,5.164018154144287
1501,5.016715049743652
1502,4.786475658416748
1503,4.619006633758545
1504,4.439721584320068
1505,4.230055809020996
1506,3.92421817779541
1507,3.710374355316162
1508,3.4814493656158447
1509,3.311117649078369
1510,3.1100211143493652
1511,2.9120664596557617
1512,2.6970677375793457
1513,2.5082929134368896
1514,2.319030284881592
1515,2.008413553237915
1516,1.9006589651107788
1517,1.754585862159729
1518,1.587458848953247
1519,1.3666099309921265
1520,1.2236965894699097
1521,1.0272228717803955
1522,0.8390680551528931
1523,0.5862458944320679
1524,0.48311832547187805
1525,0.30535462498664856
1526,0.22513173520565033
1527,0.13547106087207794
1528,-0.042408399283885956
1529,-0.18960630893707275
1530,-0.2800482213497162
1531,-0.489615797996521
1532,-0.6627682447433472
1533,-0.8584342002868652
1534,-1.0233206748962402
1535,-1.1964137554168701
1536,-1.3177381753921509
1537,-1.469525694847107
1538,-1.7003438472747803
1539,-1.8535178899765015
1540,-2.0814321041107178
1541,-2.32736873626709
1542,-2.470702648162842
1543,-2.7198283672332764
1544,-2.888815402984619
1545,-3.1188955307006836
1546,-3.229135751724243
1547,-3.377289295196533
1548,-3.585256576538086
1549,-3.729248285293579
1550,-3.8934404850006104
1551,-4.143454074859619
1552,-4.342182159423828
1553,-4.580120086669922
1554,-4.744314193725586
1555,-4.9676103591918945
1556,-5.169032573699951
1557,-5.424903392791748
1558,-5.666356086730957
1559,-5.849157810211182
1560,-6.093425273895264
1561,-6.291778564453125
1562,-6.47377347946167
1563,-6.675894260406494
1564,-6.883366584777832
1565,-7.169419765472412
1566,-7.376673221588135
1567,-7.6672043800354
1568,-7.797794818878174
1569,-8.045875549316406
1570,-8.231718063354492
1571,-8.397665977478027
1572,-8.59194278717041
1573,-8.713357925415039
1574,-8.954828262329102
1575,-9.126195907592773
1576,-9.375595092773438
1577,-9.455612182617188
1578,-9.614529609680176
1579,-9.830303192138672
1580,-9.984517097473145
1581,-10.245661735534668
1582,-10.360754013061523
1583,-10.622729301452637
1584,-10.907305717468262
1585,-11.109610557556152
1586,-11.2623872756958
1587,-11.46298599243164
1588,-11.705392837524414
1589,-11.841119766235352
1590,-11.908512115478516
1591,-12.218489646911621
1592,-12.338610649108887
1593,-12.567203521728516
1594,-12.715296745300293
1595,-13.019800186157227
1596,-13.237805366516113
1597,-13.495168685913086
1598,-13.726900100708008
1599,-13.991880416870117
1600,-14.176517486572266
1601,-14.090331077575684
1602,-14.099796295166016
1603,-14.094398498535156
1604,-14.138622283935547
1605,-14.064597129821777
1606,-14.014863967895508
1607,-14.08471393585205
1608,-13.983196258544922
1609,-14.030945777893066
1610,-14.072211265563965
1611,-14.137308120727539
1612,-14.186827659606934
1613,-14.188623428344727
1614,-14.140551567077637
1615,-14.162965774536133
1616,-14.156394958496094
1617,-14.15452766418457
1618,-14.070082664489746
1619,-13.921855926513672
1620,-13.96474552154541
1621,-13.83800983428955
1622,-13.698172569274902
1623,-13.666732788085938
1624,-13.597182273864746
1625,-13.678523063659668
1626,-13.633464813232422
1627,-13.646505355834961
1628,-13.63784122467041
1629,-13.587921142578125
1630,-13.510222434997559
1631,-13.494629859924316
1632,-13.324104309082031
1633,-13.271662712097168
1634,-13.264912605285645
1635,-13.220907211303711
1636,-13.208246231079102
1637,-13.25321102142334
1638,-13.205582618713379
1639,-13.131959915161133
1640,-13.091180801391602
1641,-13.051007270812988
1642,-13.023285865783691
1643,-12.95521068572998
1644,-13.011612892150879
1645,-12.925288200378418
1646,-12.959931373596191
1647,-12.921721458435059
1648,-12.857575416564941
1649,-12.824993133544922
1650,-12.898130416870117
1651,-12.878134727478027
1652,-12.83983325958252
1653,-12.762819290161133
1654,-12.714576721191406
1655,-12.661734580993652
1656,-12.575284957885742
1657,-12.598427772521973
1658,-12.61638069152832
1659,-12.598129272460938
1660,-12.559209823608398
1661,-12.456677436828613
1662,-12.489428520202637
1663,-12.522817611694336
1664,-12.457743644714355
1665,-12.462986946105957
1666,-12.457082748413086
1667,-12.401962280273438
1668,-12.42005729675293
1669,-12.444847106933594
1670,-12.44157600402832
1671,-12.446488380432129
1672,-12.469245910644531
1673,-12.397624015808105
1674,-12.408011436462402
1675,-12.385164260864258
1676,-12.358135223388672
1677,-12.452352523803711
1678,-12.412693977355957
1679,-12.302597045898438
1680,-12.284690856933594
1681,-12.313291549682617
1682,-12.214425086975098
1683,-12.17967700958252
1684,-12.098685264587402
1685,-12.066544532775879
1686,-12.009909629821777
1687,-11.90192985534668
1688,-11.842265129089355
1689,-11.799941062927246
1690,-11.822419166564941
1691,-11.767343521118164
1692,-11.773791313171387
1693,-11.619341850280762
1694,-11.578666687011719
1695,-11.608887672424316
1696,-11.487321853637695
1697,-11.49650764465332
1698,-11.576111793518066
1699,-11.62210750579834
1700,-11.60023307800293
1701,-11.608043670654297
1702,-11.559993743896484
1703,-11.555118560791016
1704,-11.65276050567627
1705,-11.651895523071289
1706,-11.521188735961914
1707,-11.52990436553955
1708,-11.54794692993164
1709,-11.536389350891113
1710,-11.412208557128906
1711,-11.448264122009277
1712,-11.379255294799805
1713,-11.399039268493652
1714,-11.400642395019531
1715,-11.404064178466797
1716,-11.334759712219238
1717,-11.27635383605957
1718,-11.187784194946289
1719,-11.099681854248047
1720,-10.940730094909668
1721,-10.916315078735352
1722,-11.06029224395752
1723,-11.075678825378418
1724,-11.106372833251953
1725,-11.106042861938477
1726,-11.011643409729004
1727,-11.029043197631836
1728,-11.061999320983887
1729,-11.010279655456543
1730,-10.944829940795898
1731,-10.941082954406738
1732,-10.894342422485352
1733,-10.84186840057373
1734,-10.79787540435791
1735,-10.815675735473633
1736,-10.747082710266113
1737,-10.877288818359375
1738,-10.816949844360352
1739,-10.770431518554688
1740,-10.614243507385254
1741,-10.576695442199707
1742,-10.549270629882812
1743,-10.449287414550781
1744,-10.379972457885742
1745,-10.359946250915527
1746,-10.341028213500977
1747,-10.31135368347168
1748,-10.363070487976074
1749,-10.259355545043945
1750,-10.275410652160645
1751,-10.275075912475586
1752,-10.208005905151367
1753,-10.214648246765137
1754,-10.20124626159668
1755,-10.076480865478516
1756,-10.099191665649414
1757,-10.094127655029297
1758,-9.970624923706055
1759,-9.973366737365723
1760,-9.990708351135254
1761,-9.952239990234375
1762,-9.889139175415039
1763,-9.913410186767578
1764,-9.902202606201172
1765,-9.889996528625488
1766,-9.936310768127441
1767,-9.914290428161621
1768,-9.775446891784668
1769,-9.692523002624512
1770,-9.722590446472168
1771,-9.676863670349121
1772,-9.67318058013916
1773,-9.6636381149292
1774,-9.580950736999512
1775,-9.51685619354248
1776,-9.429793357849121
1777,-9.375779151916504
1778,-9.411243438720703
1779,-9.425230026245117
1780,-9.490488052368164
1781,-9.424838066101074
1782,-9.305889129638672
1783,-9.40083122253418
1784,-9.373699188232422
1785,-9.315262794494629
1786,-9.309579849243164
1787,-9.34792423248291
1788,-9.400117874145508
1789,-9.285503387451172
1790,-9.279461860656738
1791,-9.171342849731445
1792,-9.197284698486328
1793,-9.08114242553711
1794,-9.019622802734375
1795,-8.995758056640625
1796,-8.88774585723877
1797,-8.892733573913574
1798,-8.897491455078125
1799,-8.87582015991211
1800,-8.861104965209961
1801,-8.849987983703613
1802,-8.841461181640625
1803,-8.883631706237793
1804,-8.789464950561523
1805,-8.830411911010742
1806,-8.865621566772461
1807,-8.90915584564209
1808,-8.761268615722656
1809,-8.696608543395996
1810,-8.628331184387207
1811,-8.756346702575684
1812,-8.763239860534668
1813,-8.652122497558594
1814,-8.522693634033203
1815,-8.6552095413208
1816,-8.813570976257324
1817,-8.897727012634277
1818,-8.982741355895996
1819,-8.903767585754395
1820,-8.846567153930664
1821,-8.6856107711792
1822,-8.64813232421875
1823,-8.65302848815918
1824,-8.503543853759766
1825,-8.41960620880127
1826,-8.340980529785156
1827,-8.232768058776855
1828,-8.226655006408691
1829,-8.174391746520996
1830,-8.06421184539795
1831,-8.197592735290527
1832,-8.173151016235352
1833,-8.220317840576172
1834,-8.270258903503418
1835,-8.310419082641602
1836,-8.25818157196045
1837,-8.236700057983398
1838,-8.305415153503418
1839,-8.234490394592285
1840,-8.171536445617676
1841,-8.10933780670166
1842,-8.056192398071289
1843,-7.931648254394531
1844,-7.964129447937012
1845,-7.990691184997559
1846,-7.905553817749023
1847,-7.831291198730469
1848,-7.713887691497803
1849,-7.690690040588379
1850,-7.615115642547607
1851,-7.495023250579834
1852,-7.530512809753418
1853,-7.354861736297607
1854,-7.392455101013184
1855,-7.5083489418029785
1856,-7.49445104598999
1857,-7.452088832855225
1858,-7.486818313598633
1859,-7.550982475280762
1860,-7.585451126098633
1861,-7.462573051452637
1862,-7.623291492462158
1863,-7.784340858459473
1864,-7.875564098358154
1865,-7.756918430328369
1866,-7.653419494628906
1867,-7.705261707305908
1868,-7.677529811859131
1869,-7.597577095031738
1870,-7.529720783233643
1871,-7.457244396209717
1872,-7.414927959442139
1873,-7.360595703125
1874,-7.4685959815979
1875,-7.249144077301025
1876,-7.241384983062744
1877,-7.170706272125244
1878,-7.272792816162109
1879,-7.282379150390625
1880,-7.1866021156311035
1881,-7.14784049987793
1882,-7.09795618057251
1883,-7.197228908538818
1884,-7.125411510467529
1885,-7.149531841278076
1886,-7.284867286682129
1887,-7.200379371643066
1888,-7.174343585968018
1889,-7.221460342407227
1890,-7.170170307159424
1891,-7.328812599182129
1892,-7.0994367599487305
1893,-7.309396743774414
1894,-7.253103733062744
1895,-7.252098083496094
1896,-7.347253322601318
1897,-7.290588855743408
1898,-7.308541297912598
1899,-7.129556179046631
1900,-7.218749046325684
1901,-7.05744743347168
1902,-6.976020812988281
1903,-7.061511993408203
1904,-7.057432174682617
1905,-7.129114151000977
1906,-7.317075252532959
1907,-7.0919694900512695
1908,-6.901071071624756
1909,-6.861703872680664
1910,-6.9905104637146
1911,-6.911247253417969
1912,-6.994967937469482
1913,-6.906130790710449
1914,-6.786733150482178
1915,-6.741473197937012
1916,-6.724785327911377
1917,-6.5797319412231445
1918,-6.433863639831543
1919,-6.360188007354736
1920,-6.348227024078369
1921,-6.214502334594727
1922,-6.164492607116699
1923,-5.969148635864258
1924,-6.090946197509766
1925,-6.07362174987793
1926,-5.915853500366211
1927,-5.970024585723877
1928,-6.149417877197266
1929,-6.054666042327881
1930,-6.100325584411621
1931,-6.1338677406311035
1932,-6.012983798980713
1933,-5.723495006561279
1934,-5.689237117767334
1935,-5.5410237312316895
1936,-5.781209945678711
1937,-5.741872310638428
1938,-5.938358783721924
1939,-6.133560657501221
1940,-5.924587726593018
1941,-5.80649995803833
1942,-5.703169345855713
1943,-5.747776031494141
1944,-5.894955635070801
1945,-5.811178207397461
1946,-5.941507339477539
1947,-5.580637454986572
1948,-5.542623043060303
1949,-5.470679759979248
1950,-5.669404983520508
1951,-5.569142818450928
1952,-5.377414226531982
1953,-5.303852558135986
1954,-5.26769495010376
1955,-5.003762722015381
1956,-4.86375093460083
1957,-4.734281539916992
1958,-4.535203456878662
1959,-4.446357727050781
1960,-3.908616542816162
1961,-3.8099119663238525
1962,-3.590873956680298
1963,-3.39280366897583
1964,-3.2234954833984375
1965,-2.9925496578216553
1966,-2.877600908279419
1967,-3.1613078117370605
1968,-3.252037763595581
1969,-2.777386426925659
1970,-2.365816116333008
1971,-2.3210055828094482
1972,-2.732755184173584
1973,-2.820479393005371
1974,-3.0597152709960938
1975,-3.3441593647003174
1976,-3.101722002029419
1977,-3.0235507488250732
1978,-2.661853075027466
1979,-2.8912551403045654
1980,-3.0612032413482666
1981,-2.862333297729492
1982,-2.5331077575683594
1983,-2.511265516281128
1984,-2.688939332962036
1985,-2.1502938270568848
1986,-1.622702956199646
1987,-1.2329334020614624
1988,-0.8843556642532349
1989,-1.1146841049194336
1990,-1.6338049173355103
1991,-0.8243441581726074
1992,-0.5690176486968994
1993,-0.7075729370117188
1994,0.08898277580738068
1995,0.07383479177951813
1996,0.13372404873371124
1997,0.7354670166969299
1998,0.3105608820915222
1999,0.49866729974746704
