Index,R_CUSUM
1,  4.1228269841785803
2,  4.6998818200066115
3,  5.9995666395043372
4,  6.9570685221446631
5,  7.5381726277284216
6,  7.3267675374085117
7,  7.8701398866161760
8,  8.2780712634897142
9,  9.0476495165628386
10,  9.5769678884276495
11, 10.0989576403775878
12, 10.5026657635222236
13, 11.0336148059920944
14, 11.5402188638586125
15, 11.4249708873004021
16, 12.3069982319441884
17, 12.9698494038700503
18, 13.5117783363901438
19, 13.7993459591080736
20, 14.4176549019674027
21, 14.7916495375430745
22, 15.1919517052604096
23, 15.3250963980315849
24, 16.0467881134177475
25, 16.4610448120426760
26, 17.2330234834581049
27, 17.9483381764602186
28, 18.3258314277635215
29, 18.8060062370450503
30, 19.4745285956611269
31, 19.7188301018356604
32, 20.0846249856744308
33, 20.3704126177189622
34, 20.7541978307668984
35, 21.1059875102593644
36, 21.6176285392785417
37, 22.0250012558637067
38, 22.1825674693205102
39, 22.5776207901593082
40, 22.7427291663923405
41, 22.8550542260978311
42, 23.2700318169025273
43, 23.3732642540765809
44, 23.7077689483411191
45, 23.8661471305402948
46, 24.3600694931799318
47, 24.7423352878427991
48, 24.9568526404399513
49, 25.3437058664787820
50, 25.6722789993678475
51, 25.7707411111697517
52, 26.0053376997246666
53, 26.1372442270841958
54, 26.4595671640686412
55, 26.6288991780622979
56, 26.8536030687694272
57, 26.9416432681168310
58, 27.0670745035642497
59, 27.3372365896295193
60, 27.4565469225872967
61, 27.6874719377737151
62, 27.9565628512117250
63, 28.1765355846857517
64, 28.3832919516975366
65, 28.4067955163496428
66, 28.6146980200899854
67, 28.6315403110891928
68, 29.0141473317469831
69, 29.1288772368592532
70, 29.3837522521186294
71, 29.6816082878510059
72, 29.9153189868691101
73, 30.3074349029563201
74, 30.4360308775512998
75, 30.7163365031804041
76, 30.8284022702003782
77, 31.3009653862993922
78, 31.6031392459188005
79, 31.7846511282800996
80, 32.0941210952933034
81, 32.1811155972587812
82, 32.5688797972975763
83, 32.6547311246833587
84, 32.6961443985070446
85, 32.9047868889966679
86, 33.2120271541794736
87, 33.4227864521025566
88, 33.5507619734919516
89, 33.8884885562881379
90, 34.3573876412336929
91, 34.3532950351543747
92, 34.7167241186406770
93, 34.8706181704498377
94, 35.1778884977176531
95, 35.1882264403165266
96, 35.3631036133429006
97, 35.4646334067788445
98, 35.6147451503555530
99, 35.7039186937478945
100, 35.9416763459799284
101, 36.2646586580290986
102, 36.4117920839911449
103, 36.5854517005502871
104, 36.6694627396064448
105, 36.9649429273689094
106, 37.2153885436306950
107, 37.2532651343487160
108, 37.5930003908801353
109, 37.6696141501432393
110, 37.7579455993639712
111, 37.8053911020707716
112, 37.8803684611623765
113, 38.0374430857811063
114, 38.2790007385237985
115, 38.3999287285584927
116, 38.5696667686210262
117, 38.7309919899363422
118, 39.0296465710077030
119, 39.4323872966650413
120, 39.5166187041859516
121, 39.8800014488945465
122, 40.2624309806465419
123, 40.4658315415039311
124, 40.7301551689734680
125, 40.7497662665541469
126, 40.9731469897738236
127, 41.1027259811652073
128, 41.2666822661220820
129, 41.4954868566761519
130, 41.7669988165822161
131, 41.9397120019382541
132, 42.3537057626325151
133, 42.5815358628354019
134, 42.7376914864975959
135, 42.9508425266425178
136, 43.1150836355647868
137, 43.1909629237466817
138, 43.4078542005367396
139, 43.6631662788137973
140, 43.8677930208659461
141, 44.0707370020746296
142, 44.2543309142490031
143, 44.4973122178852591
144, 44.5549867851430790
145, 44.8234604920193647
146, 44.9131431758032420
147, 45.1094766431328651
148, 45.3428492730950268
149, 45.5295021439580410
150, 45.5630457311243831
151, 45.7310553300841107
152, 45.9248151096581836
153, 46.1730731916478589
154, 46.3794055110249843
155, 46.5914858679937609
156, 46.8500607446852442
157, 46.9538693752701377
158, 47.0650026890254054
159, 47.2264910765833505
160, 47.4162236865592348
161, 47.6930751440624121
162, 47.7828072694637527
163, 47.8718634465808819
164, 48.0952894922385070
165, 48.2224114136084481
166, 48.3644952568072668
167, 48.5726360499980245
168, 48.6818321015737823
169, 48.7821201306241008
170, 48.9198615309677365
171, 49.0465680942018807
172, 49.1496064044856382
173, 49.3768945477416068
174, 49.4958335943882801
175, 49.6581224547526858
176, 49.8254805844535653
177, 49.8353370806711595
178, 50.0187811450992115
179, 50.2922722591646121
180, 50.4464583978342702
181, 50.5409917465009642
182, 50.7977321693036714
183, 50.9721868305243859
184, 51.2045406223645756
185, 51.3745995289856339
186, 51.5749172764808748
187, 51.8386702070617673
188, 52.0412399560846382
189, 52.2216723085792864
190, 52.3216288388750712
191, 52.5170520977064896
192, 52.6364986877378982
193, 52.9523206257250294
194, 53.1282778576076140
195, 53.2178588918100033
196, 53.4908985449489549
197, 53.6054672439427264
198, 53.6356050765936843
199, 53.7064833130077375
200, 53.8584507178532235
201, 53.9749309845392702
202, 54.1573995109886823
203, 54.2885392059484388
204, 54.2992608489345727
205, 54.4258855665706065
206, 54.7036746583785103
207, 54.8184549467337874
208, 54.9224349413045800
209, 55.0605976229933063
210, 55.3279436450041970
211, 55.4108081289210830
212, 55.6137144738987175
213, 55.7150780816254994
214, 55.8371165983870057
215, 55.9570414293224232
216, 56.1587072644431800
217, 56.3475463771745240
218, 56.5695429680216577
219, 56.7902611165087308
220, 57.0888016965187788
221, 57.2373765087949948
222, 57.2002545957889197
223, 57.3052963592156388
224, 57.3936568019301561
225, 57.5160016939460874
226, 57.7404561470171416
227, 57.8431373353892795
228, 57.9291134754113912
229, 58.1062938497665087
230, 58.2977449694301413
231, 58.4227909389372755
232, 58.5934960820019768
233, 58.7698827780730824
234, 58.9368818518032853
235, 59.0384532959742785
236, 59.2307520407417627
237, 59.2146393416881338
238, 59.3979764398996224
239, 59.5664814466748496
240, 59.8481092415812128
241, 60.0062252078898055
242, 60.1536310536735002
243, 60.3751278930453310
244, 60.5645757090546937
245, 60.7033650352420864
246, 60.8408583475175959
247, 60.9890531259342481
248, 61.0550578750596245
249, 61.2773524109714458
250, 61.3791333892894997
251, 61.4973270797390796
252, 61.6817707759580998
253, 61.7927709918372230
254, 61.9235581208788801
255, 62.1637012147255419
256, 62.2585067114907389
257, 62.3805561427938500
258, 62.6177798980909586
259, 62.7317532730664809
260, 62.8316138311400607
261, 62.9853133923692496
262, 63.1623783777208772
263, 63.2554469644641273
264, 63.3824735825975552
265, 63.5103599105456951
266, 63.5827544763141503
267, 63.7198935358446619
268, 63.9666899083908120
269, 64.1601899018684207
270, 64.2476528666948639
271, 64.4058151361059856
272, 64.5246910734701515
273, 64.6489449637220872
274, 64.8404754872666018
275, 65.0144091789387630
276, 65.2089313031060698
277, 65.3727769837587260
278, 65.4550263057469408
279, 65.5569323708948559
280, 65.6126860206610871
281, 65.7864819714268805
282, 66.0075852908437213
283, 66.0370837260747834
284, 66.1757190743350776
285, 66.3419260292941289
286, 66.4611881602133963
287, 66.5416745352681573
288, 66.6102520586654094
289, 66.8249030084175786
290, 66.9443184260740622
291, 67.1522574733885875
292, 67.2436420239000086
293, 67.4575875370122873
294, 67.6239370675049969
295, 67.7577137489201107
296, 67.9630689908453007
297, 68.0718094733178560
298, 68.1807810837322990
299, 68.3120790435105931
300, 68.4374103697625173
301, 68.5596516392995596
302, 68.6796751133905445
303, 68.7575234236097401
304, 68.9485446209041726
305, 69.0275243358512682
306, 69.1114789138879644
307, 69.1888413988042004
308, 69.4227102059377899
309, 69.5880306632937788
310, 69.7559149975533614
311, 69.7649574139602180
312, 69.8721913992326620
313, 70.0740444351024223
314, 70.2898750367629930
315, 70.2966195163190832
316, 70.2836837383200930
317, 70.3302875704352175
318, 70.3767356119345777
319, 70.5522005601806228
320, 70.7102237845108164
321, 70.9486224164608075
322, 71.0904342732600441
323, 71.1993456730626946
324, 71.4270122288057081
325, 71.6036234672967282
326, 71.7757143442788106
327, 71.9698643806787715
328, 72.0860996574167245
329, 72.2371377972131654
330, 72.4314166381627871
331, 72.4427983912269582
332, 72.5726464273515290
333, 72.6492071828937611
334, 72.7240238899217530
335, 72.8063707240572739
336, 72.9567908151779534
337, 73.0844594274698238
338, 73.1463735146521117
339, 73.3099808905641481
340, 73.4674531961798607
341, 73.6240566304090720
342, 73.7738460584778863
343, 73.9743111976377890
344, 74.0625077605443778
345, 74.1551249334426785
346, 74.3266612013978261
347, 74.4901120710508167
348, 74.6833302721159384
349, 74.8103345344102593
350, 74.9735532911271889
351, 75.1671080750685263
352, 75.2530661621492527
353, 75.4837985483330982
354, 75.5682143013675187
355, 75.5997536671105763
356, 75.7197250481202957
357, 75.8588142540590411
358, 75.9460589002798656
359, 76.0139230594044193
360, 76.1019341682758323
361, 76.2942343028121570
362, 76.2991827256808790
363, 76.3049053564286055
364, 76.3571804235476463
365, 76.5463603406468565
366, 76.7251099787739150
367, 76.8033229215107269
368, 76.9328821959297500
369, 77.0956483973559301
370, 77.2503234396130551
371, 77.4075830919554448
372, 77.5455035851108079
373, 77.6907633558024457
374, 77.7346114836096973
375, 77.9822391073448813
376, 78.0979741797789018
377, 78.2523750184728470
378, 78.3008134179208497
379, 78.4061960767601249
380, 78.5754886966961408
381, 78.7099348834362047
382, 78.8508851642338016
383, 78.9026480796093068
384, 79.0566065803908629
385, 79.1535644169077557
386, 79.1854072260069586
387, 79.3466138749007541
388, 79.4734031182108254
389, 79.5577994759439378
390, 79.6991850493013203
391, 79.7201795294381554
392, 79.9631357471625392
393, 79.9559794016306569
394, 80.1001584539267100
395, 80.2131081545716427
396, 80.2725618924733055
397, 80.4168090231824237
398, 80.5196843256002239
399, 80.7306758314576598
400, 80.7945359246662633
401, 80.7713526517964624
402, 80.7046536415669920
403, 80.5485663266716045
404, 80.4412126741589475
405, 80.2942413138517281
406, 80.0870440179693475
407, 80.0975748759984896
408, 80.0894108364585833
409, 80.0022462677544581
410, 79.8289739428747538
411, 79.7632077980798897
412, 79.6147838658652631
413, 79.5543498783582663
414, 79.5091455897017880
415, 79.4267872006077482
416, 79.3305136966826865
417, 79.2976492473125347
418, 79.2647294043282216
419, 79.1963739459110343
420, 79.0983338744719902
421, 79.0588818741177732
422, 78.9793107944087893
423, 78.9683666250036538
424, 78.8082449960604805
425, 78.7140394843991658
426, 78.6849531692807460
427, 78.5582888075658161
428, 78.3756002255566955
429, 78.3182139180950401
430, 78.1978480607693598
431, 78.0836655752208628
432, 78.0382152833753935
433, 78.0660729564398252
434, 77.9817718013898258
435, 77.9466945258365485
436, 77.7454871877010874
437, 77.6646344752658138
438, 77.4851603572763707
439, 77.3081375871078933
440, 77.2994757494120392
441, 77.2526910256822390
442, 77.1995664045866619
443, 77.0868965951270866
444, 76.9343435484269662
445, 76.8742147894120507
446, 76.7305932447687127
447, 76.7778656232244856
448, 76.6996415055132417
449, 76.6344517819397879
450, 76.4680161624040124
451, 76.4142714424549894
452, 76.3937273402489438
453, 76.3294055912583929
454, 76.2516281551123427
455, 76.2546633482859875
456, 76.2127249707511965
457, 76.1665045216060150
458, 76.1434751627468529
459, 76.0821340206234993
460, 76.1698934622888260
461, 76.1093573094057376
462, 76.0874424002374639
463, 76.0573935285507190
464, 76.0170098809949764
465, 75.9947190517519289
466, 75.9353258100388757
467, 75.7553100295053525
468, 75.6356712259340753
469, 75.6822695220350710
470, 75.7066871371760186
471, 75.6242145234362368
472, 75.4154514268376630
473, 75.2993948802442361
474, 75.1444330535121452
475, 74.9807610468362640
476, 74.9554759675569642
477, 74.8870748832816560
478, 74.8877797818344959
479, 74.7438211382899027
480, 74.6170372803311182
481, 74.5766994759071196
482, 74.5634496051122539
483, 74.4808646804644212
484, 74.3572380153379555
485, 74.3809631353034604
486, 74.3959591649653191
487, 74.3784026165569969
488, 74.3483690796743986
489, 74.2139832770997430
490, 74.0365450445515165
491, 74.0752536937672659
492, 74.0192975547465153
493, 73.9052417052120632
494, 73.9132675561874919
495, 73.8105779559758730
496, 73.7161891634834916
497, 73.6688055292423059
498, 73.5264927335577738
499, 73.4306733071076110
500, 73.3062915459509270
501, 73.2975544943616342
502, 73.2454206723949284
503, 73.1615938849775915
504, 73.1609264883930450
505, 73.0900281122319484
506, 73.0106417097048563
507, 72.9494567695470977
508, 72.8484212812543745
509, 72.7836846491580332
510, 72.7640020056234107
511, 72.7071711705816881
512, 72.7234037925611716
513, 72.6261121828220269
514, 72.5436422785693651
515, 72.5455252813699190
516, 72.4175713806190373
517, 72.2795642882112190
518, 72.2466583095696393
519, 72.1601879037118579
520, 72.0448714697559751
521, 71.9324698221486329
522, 71.9078987623067007
523, 71.8080800633282195
524, 71.7414286837406081
525, 71.6371703357937406
526, 71.5951260853939289
527, 71.4974168151486822
528, 71.4565318900883284
529, 71.3652205625328122
530, 71.3959885718426506
531, 71.3531692353179210
532, 71.1958124292109318
533, 71.2026003470558209
534, 71.1362299937878930
535, 71.0853301837246789
536, 71.0932124754028223
537, 71.0516117768643198
538, 71.1188695799591386
539, 71.0305556680192467
540, 70.9867187203949896
541, 70.9492261106769462
542, 70.9278256319782088
543, 70.9085427330637970
544, 70.8751960612978706
545, 70.7520562429431834
546, 70.6707746804135297
547, 70.6139977880267509
548, 70.5290554343558398
549, 70.4852286656434330
550, 70.3855462935414806
551, 70.3713495875880000
552, 70.3222849177978304
553, 70.2903983607411504
554, 70.2202062809318761
555, 70.1272249271800803
556, 70.1413472255003967
557, 70.0397156912370207
558, 69.9414017258182525
559, 69.8490460019868635
560, 69.8817238624333896
561, 69.8186052973702402
562, 69.8161657220596794
563, 69.7074843995066544
564, 69.6290117552341457
565, 69.5638900264027882
566, 69.5395157242999744
567, 69.4675628254214814
568, 69.4453802720799729
569, 69.3943930072817068
570, 69.3469071210798944
571, 69.3956692847683030
572, 69.3060096976845870
573, 69.2982763751522270
574, 69.2966882164421492
575, 69.3233684459128057
576, 69.2837940969605199
577, 69.2407441820007250
578, 69.1930328826965138
579, 69.1731776143418955
580, 69.1482859449081957
581, 69.0795698971328562
582, 69.0685148627536449
583, 69.0432113021356315
584, 69.0232469070590184
585, 69.1073540777399842
586, 69.0667954593945552
587, 68.9875447866115650
588, 68.9544103865040796
589, 68.8876690425026226
590, 68.7963425185517394
591, 68.7245072520052389
592, 68.6766831664745183
593, 68.6712246885273743
594, 68.6357466791561137
595, 68.5426281489496318
596, 68.4823817055189181
597, 68.3551462863870967
598, 68.2929673999010163
599, 68.1767916025821137
600, 68.0569901203885195
601, 68.0521209803650748
602, 67.9917658375568266
603, 67.9404037338731968
604, 67.9139425876716274
605, 67.8404953431636528
606, 67.7791406518001622
607, 67.7003493708859594
608, 67.6323826051536230
609, 67.5307392898574363
610, 67.5185522749602853
611, 67.4982587830052410
612, 67.4099032239947178
613, 67.4462406633993226
614, 67.3841526375678512
615, 67.3197344477703439
616, 67.1974310752612638
617, 67.1495732738038242
618, 67.0561086508770927
619, 67.0238829020128577
620, 66.9842366290553315
621, 66.9768163592542862
622, 66.8954039259362787
623, 66.7664288240857644
624, 66.7367236759547495
625, 66.7096107814997623
626, 66.7232426905163720
627, 66.6672003601717620
628, 66.6432273820846177
629, 66.6174661874632790
630, 66.5467393848538364
631, 66.4241787838085855
632, 66.3435412934996549
633, 66.3033214697956623
634, 66.2626005990216953
635, 66.1495759756963082
636, 66.0981574607871920
637, 65.9976698390432688
638, 65.9867330711204403
639, 65.9438997191400347
640, 65.8735010827189029
641, 65.8565139322671058
642, 65.7687044400859406
643, 65.7784908004357476
644, 65.6957103420297983
645, 65.5634517885868036
646, 65.4739336743279807
647, 65.4113889074750716
648, 65.3575755120267274
649, 65.2741475127644719
650, 65.2102785773401337
651, 65.1783529570880518
652, 65.1457938183233551
653, 65.1063003707041190
654, 65.0180377938695102
655, 64.9836786291713793
656, 65.0061265137401705
657, 64.9233390455075607
658, 64.9705263059929905
659, 64.9676251192926060
660, 64.8635386081192564
661, 64.7742219881968992
662, 64.7160978123640405
663, 64.6724058059220255
664, 64.5855795870124183
665, 64.5114044876167299
666, 64.4860446346098684
667, 64.4561226153122107
668, 64.3773428515605417
669, 64.3120506842154214
670, 64.2260019865654357
671, 64.0600940359410203
672, 63.9895351133035035
673, 63.9169545749457058
674, 63.8697241827020719
675, 63.7812603583517159
676, 63.7617924342909390
677, 63.6531725543027704
678, 63.6884718282822035
679, 63.5935447180545239
680, 63.5727057445507668
681, 63.6209567643836067
682, 63.5465440264679984
683, 63.4877769577941180
684, 63.4146699023592078
685, 63.3784439845134884
686, 63.3636042853232624
687, 63.2511230396109170
688, 63.1623646783816071
689, 63.0563756712599002
690, 63.0363364006226803
691, 63.0133954252127495
692, 62.9398180423370732
693, 62.8518260162858269
694, 62.7347615082026095
695, 62.7269591886267861
696, 62.6518944003471319
697, 62.6458506580725327
698, 62.6998759762343809
699, 62.7235119793509028
700, 62.6453343097046940
701, 62.6593915578150487
702, 62.5887537915807997
703, 62.5631542949087560
704, 62.5318193142311003
705, 62.5183590863829934
706, 62.4799622491657018
707, 62.4548776721271537
708, 62.4458128958383298
709, 62.3080762179966499
710, 62.2569125944952901
711, 62.2363315721283996
712, 62.2078118237777673
713, 62.1757734637010557
714, 62.2184527790377047
715, 62.1743615677165522
716, 62.1407238421612647
717, 62.0972563835802447
718, 62.1690535040249159
719, 62.1024649385919290
720, 62.1160433819301261
721, 62.1316370000643587
722, 62.0598296295082008
723, 62.0802180885622548
724, 62.0705136390050853
725, 62.0803215081120001
726, 61.9618337528232814
727, 61.8890262947628784
728, 61.8343051686035281
729, 61.8064065702652883
730, 61.7669711369696870
731, 61.7236166452787813
732, 61.7150572288324497
733, 61.7211803254342755
734, 61.7622936880228934
735, 61.7541553746604777
736, 61.6642264634803112
737, 61.5646754139403996
738, 61.5906606666433873
739, 61.5366683112466717
740, 61.5173796317229318
741, 61.5003240842812389
742, 61.4956930661729757
743, 61.4408343501992107
744, 61.3903355138426292
745, 61.3753669262549408
746, 61.3039756336389630
747, 61.2584501616750998
748, 61.1965964230940926
749, 61.1110109513010116
750, 61.0837591889972984
751, 61.0699023803076670
752, 61.0398579939776269
753, 61.0207792225695016
754, 60.9821969047407677
755, 60.9397800352096226
756, 60.8331104637915629
757, 60.8548387109688065
758, 60.8879788432797540
759, 60.8938517726306117
760, 60.8871124596690407
761, 60.8570921442873569
762, 60.8047546250762991
763, 60.7800147285115600
764, 60.7209811931899779
765, 60.7198615341584613
766, 60.7047443222264462
767, 60.6718750225296617
768, 60.6268811806156549
769, 60.6075948296923528
770, 60.6077679288947593
771, 60.6397814864768279
772, 60.5437658483664194
773, 60.4833981613211193
774, 60.5291631474635921
775, 60.4889559274896129
776, 60.5299885081521509
777, 60.4608146682049892
778, 60.4825110215377677
779, 60.4107212173246921
780, 60.3385657510421396
781, 60.3199221706042863
782, 60.2752149629718161
783, 60.1922242825609572
784, 60.1096247936340546
785, 60.0918855298359418
786, 60.0104132312227918
787, 60.0252796552889336
788, 60.0528877940787211
789, 59.9661292791861058
790, 59.8546352937626480
791, 59.7228936079282064
792, 59.7273102817230779
793, 59.6465131065257381
794, 59.6618620730080238
795, 59.6212269356627189
796, 59.5291329498614843
797, 59.4582676374854131
798, 59.4296579108805716
799, 59.4910513165656454
800, 59.4774340456480672
801, 59.3736245859739782
802, 59.3202356774604738
803, 59.2353052505615381
804, 59.1561648923923968
805, 59.1599814953273082
806, 59.1099271788504197
807, 59.1289739473178528
808, 59.1100457251232001
809, 59.0824152646422789
810, 59.1278999716660891
811, 59.0738729628453783
812, 59.0591146337109905
813, 59.1850170902101382
814, 59.1392518836108536
815, 59.1911043997350816
816, 59.0895197418464306
817, 59.0726802037990026
818, 59.0185037925645588
819, 58.9200568853944873
820, 58.8628112315575720
821, 58.9394675018218592
822, 58.9017432490276533
823, 58.8471525793187453
824, 58.8661808870816401
825, 58.8058583845225016
826, 58.7878860170574171
827, 58.7719846480166694
828, 58.7244094459614487
829, 58.6788552170599615
830, 58.7260265122436422
831, 58.6904096740975305
832, 58.7608169625146601
833, 58.7233880389566210
834, 58.6840055602804256
835, 58.6281937448115826
836, 58.4693648823849159
837, 58.3553641825359932
838, 58.3231920343766106
839, 58.2619530600763724
840, 58.3050481403025032
841, 58.2926087787500506
842, 58.2423190712287706
843, 58.2616917740391145
844, 58.2015617074840037
845, 58.1818748133309782
846, 58.1836835932354219
847, 58.1583753478593124
848, 58.1208188683681755
849, 58.0815240280181371
850, 58.0374123447521839
851, 58.0768116566915324
852, 58.0505903696852030
853, 57.9822507558240261
854, 57.9315485704514472
855, 57.8588974585715192
856, 57.8520223087014287
857, 57.8123456014154300
858, 57.7988369681714573
859, 57.7863793762161677
860, 57.6224170330284693
861, 57.5563183074281994
862, 57.6274630042938156
863, 57.6103744241908657
864, 57.5779616918606507
865, 57.5756793572234287
866, 57.5751340872897543
867, 57.4897127996884052
868, 57.4643087334679663
869, 57.4714966338557645
870, 57.4563968867684167
871, 57.4197089347649410
872, 57.3842989730437338
873, 57.3118747654689003
874, 57.2718939981944786
875, 57.2646823505759315
876, 57.2092235032764336
877, 57.1853736566162283
878, 57.1713903721368553
879, 57.1892109402826350
880, 57.0919238655639347
881, 57.0728660221705439
882, 57.0932190554436119
883, 57.0831757736411447
884, 56.9744931357967062
885, 56.9456029388611000
886, 56.9786788948373157
887, 56.9094267262931908
888, 56.8918164508882853
889, 56.8349160469251160
890, 56.8576660550949100
891, 56.8856744559936445
892, 56.8748306806285058
893, 56.8731790843612686
894, 56.8438825589205337
895, 56.9178894826157347
896, 56.9399344544807633
897, 56.8564747012146086
898, 56.7709062544392395
899, 56.7465980467439834
900, 56.7078049518426539
901, 56.6950601245745105
902, 56.6526070265868640
903, 56.6041201621672343
904, 56.6241943011051632
905, 56.6420230022307152
906, 56.6502424429383282
907, 56.6257875106375934
908, 56.6402003703368138
909, 56.5470155178684877
910, 56.4627888733895134
911, 56.4925537332116647
912, 56.4495479311714803
913, 56.4395596175348473
914, 56.4988040492231960
915, 56.4575796203357427
916, 56.3880386376181377
917, 56.2324031947558893
918, 56.2014780007950634
919, 56.1706744309638211
920, 56.1911296477607323
921, 56.1449431384306479
922, 56.1091617759704775
923, 56.0808366878469826
924, 56.0739904581221111
925, 56.0802626808328171
926, 56.0273577438821704
927, 56.0180645863287623
928, 56.0118933807878605
929, 55.9932184498920478
930, 56.0346083177087735
931, 55.9331281198184342
932, 55.9390150630809728
933, 55.9724319373869150
934, 55.8950605839779584
935, 55.8800169543349838
936, 55.8148745295507425
937, 55.7774111731536806
938, 55.7576156072485816
939, 55.7288599215671496
940, 55.7953627050031429
941, 55.7700742842202999
942, 55.6882815870534955
943, 55.6333822068542787
944, 55.5980369942988375
945, 55.5569696012756253
946, 55.5639925429905048
947, 55.5124285687696499
948, 55.5161851018218471
949, 55.4808763295842979
950, 55.4088025327784379
951, 55.3851796455975034
952, 55.3364091082920027
953, 55.3165342288539392
954, 55.3690063728804631
955, 55.3444311525164636
956, 55.3170862111767860
957, 55.2310953693224747
958, 55.2208299260219633
959, 55.1926574835035950
960, 55.2386664258707896
961, 55.1314870541473638
962, 55.0740988080485678
963, 55.0304324881373574
964, 55.0136347376818264
965, 54.9661539719051149
966, 54.9552129551094239
967, 55.0462132813468230
968, 55.0092793233501212
969, 54.9941411695884455
970, 54.9414465226998914
971, 54.9704454854833386
972, 54.8959034616002626
973, 54.8574806373432438
974, 54.8500641353975453
975, 54.8692909611063442
976, 54.8614321481299640
977, 54.8711387072969643
978, 54.7895016847732279
979, 54.7446890867254865
980, 54.7216556717580573
981, 54.7497970894259964
982, 54.7302729159321473
983, 54.7004041121297746
984, 54.6851764434704819
985, 54.6178501338907978
986, 54.5356925423846093
987, 54.5363116611056569
988, 54.4772029108184057
989, 54.4716755094301632
990, 54.3962601088804121
991, 54.3451091289227932
992, 54.3295004939328550
993, 54.2603506795660309
994, 54.2348758732099867
995, 54.2270399230843196
996, 54.2807519066402833
997, 54.2331420064416960
998, 54.2352471244873868
999, 54.2488320991280446
1000, 54.3352799763529362
1001, 54.3966546720319712
1002, 54.4191678373554879
1003, 54.4609674071553513
1004, 54.4277021520272513
1005, 54.4576152507289066
1006, 54.4123541931928969
1007, 54.4241935019648508
1008, 54.4119995153715053
1009, 54.3718802118796916
1010, 54.3728107042785069
1011, 54.3938320631861245
1012, 54.4048986103012808
1013, 54.3381612829522140
1014, 54.2496861118842517
1015, 54.2230905298196646
1016, 54.1515371632845373
1017, 54.1350484031520125
1018, 54.1173324331380030
1019, 54.0780973404465755
1020, 53.9861470704802571
1021, 53.9491402131128979
1022, 53.9131780611489688
1023, 53.8222517095661175
1024, 53.8323698456519679
1025, 53.8084026262481530
1026, 53.7944199570840738
1027, 53.8047468161230853
1028, 53.8403202293832095
1029, 53.7654694339925356
1030, 53.8533653110148265
1031, 53.8070161921212105
1032, 53.7948769416427908
1033, 53.8032298658177126
1034, 53.7659244848889699
1035, 53.8002345727164553
1036, 53.7698734771610134
1037, 53.7446546952221169
1038, 53.8368265253657512
1039, 53.8230551676399784
1040, 53.8270771191660984
1041, 53.7158096376274585
1042, 53.7067378250106913
1043, 53.6918619493254994
1044, 53.6086798659886341
1045, 53.5822932583388791
1046, 53.5262398249786315
1047, 53.4700607406428929
1048, 53.4513945170089642
1049, 53.4401797557577822
1050, 53.4356139164575694
1051, 53.4806493959490581
1052, 53.4420236284249626
1053, 53.4271133567336847
1054, 53.4221971060037291
1055, 53.4428214935561101
1056, 53.3769049415567167
1057, 53.3641334449162912
1058, 53.3562247326228913
1059, 53.2834228359455579
1060, 53.2090171388304896
1061, 53.2507513654084761
1062, 53.2703511911950613
1063, 53.2278430965008909
1064, 53.2246294065201440
1065, 53.2036667520342377
1066, 53.1547012736446050
1067, 53.1776307733892821
1068, 53.1333346733188989
1069, 53.1254433879770858
1070, 53.1375070902820426
1071, 53.1753874278487970
1072, 53.1315063498634217
1073, 53.1774760009205352
1074, 53.2575327623868588
1075, 53.2491465003234978
1076, 53.1971906072354273
1077, 53.1486359913503463
1078, 53.1100935918516370
1079, 53.1196397998652685
1080, 53.1677773632055306
1081, 53.1552619338948631
1082, 53.1033428840787423
1083, 53.0668134028090250
1084, 53.1049917232768252
1085, 53.0264158392279512
1086, 53.0116362905015421
1087, 52.9711938570289362
1088, 52.9968130266327577
1089, 52.9988183248040059
1090, 52.9727084802761823
1091, 52.8787811016251368
1092, 52.8766100574546840
1093, 52.8110910984187427
1094, 52.7746016519500500
1095, 52.8306032901982690
1096, 52.8967067940385007
1097, 52.9323595648437788
1098, 52.9274024663887772
1099, 52.8878761015999075
1100, 52.8970254738502845
1101, 52.9220232330923466
1102, 52.9488659547184355
1103, 52.8798634115694526
1104, 52.8160362963481731
1105, 52.7642113388929346
1106, 52.7698715383389469
1107, 52.6951344206288610
1108, 52.7194264663739602
1109, 52.6400396639111818
1110, 52.6466020939353641
1111, 52.6300144125999196
1112, 52.6220005158341095
1113, 52.6962028910840061
1114, 52.6800529568892273
1115, 52.6681093016040336
1116, 52.6409928711328803
1117, 52.6635734257339010
1118, 52.7150001718780885
1119, 52.6578177620047185
1120, 52.6582195107101114
1121, 52.5730347360411088
1122, 52.6323372631055548
1123, 52.6421680311391356
1124, 52.6993425492965883
1125, 52.6665791766533005
1126, 52.6683713255041539
1127, 52.7119693784823582
1128, 52.7260882549835515
1129, 52.7550558325132073
1130, 52.8016044164432827
1131, 52.7770162285195141
1132, 52.7721104689760097
1133, 52.7649522735093868
1134, 52.7343842385648998
1135, 52.6313193021901569
1136, 52.5952552684967927
1137, 52.6524519983420021
1138, 52.7458374862896022
1139, 52.6900548130418542
1140, 52.6507883441017128
1141, 52.5463073129460980
1142, 52.5481192554742336
1143, 52.5145912621721749
1144, 52.4490559886185252
1145, 52.4253133472623460
1146, 52.3710760774213071
1147, 52.4040696040939338
1148, 52.4130768677615606
1149, 52.4078043586334417
1150, 52.4392375867510481
1151, 52.4523100829978972
1152, 52.3358605348255708
1153, 52.3387407466503447
1154, 52.3517302736120484
1155, 52.3566734195521875
1156, 52.3197165494179757
1157, 52.3159480516877551
1158, 52.2991628589234949
1159, 52.2366967077813698
1160, 52.3162974888791155
1161, 52.2359261068196901
1162, 52.1958937645430296
1163, 52.2402996421973285
1164, 52.1570511301524817
1165, 52.1787167227469695
1166, 52.1549892134354707
1167, 52.1298058190142513
1168, 52.0332473923208454
1169, 51.9921032508100112
1170, 52.0018461977972422
1171, 51.9745969801030867
1172, 52.0205438403501006
1173, 52.0146943487844240
1174, 52.0053681674172310
1175, 51.9926793339842490
1176, 52.0028016305873280
1177, 52.0526574450184043
1178, 52.0828553377886507
1179, 52.1112301257040329
1180, 52.1728628413885076
1181, 52.1451397211306045
1182, 52.1344521361109159
1183, 52.2109580904712516
1184, 52.1804590022159118
1185, 52.2054375290620030
1186, 52.2112782945173279
1187, 52.2960300654059864
1188, 52.3608132067980279
1189, 52.3637859580723841
1190, 52.3832984720960582
1191, 52.2393514282179154
1192, 52.2286987810553711
1193, 52.2522419418513095
1194, 52.3567321982821454
1195, 52.3550323995873867
1196, 52.3760889447486662
1197, 52.3724325088488882
1198, 52.3078434518898092
1199, 52.3045167005878255
1200, 52.3259048909824713
1201, 52.1950069679188786
1202, 52.0843681426089589
1203, 51.9399406251708200
1204, 51.7753243649441970
1205, 51.6774240293710676
1206, 51.4741891875669353
1207, 51.3644148842875552
1208, 51.2263722150908336
1209, 50.9627484677645555
1210, 50.7954114372522554
1211, 50.7102415362253396
1212, 50.4710261754253509
1213, 50.3932319417652721
1214, 50.3147828350989315
1215, 50.2246983301749168
1216, 50.0771909979245464
1217, 49.9072259192931256
1218, 49.6916537323225640
1219, 49.5437027457657493
1220, 49.3890006157894774
1221, 49.3322015585811400
1222, 49.1998241949261299
1223, 49.0310287234109694
1224, 48.9325247789846856
1225, 48.8262260299511013
1226, 48.6592705231826841
1227, 48.5364702774647654
1228, 48.3634322192882138
1229, 48.1876318274632638
1230, 48.0022101393156220
1231, 47.8393206402230433
1232, 47.6489941052625809
1233, 47.5429085916725853
1234, 47.4285051704781324
1235, 47.2785000031463341
1236, 47.2089490456110354
1237, 47.0875307139690378
1238, 46.9749236533212056
1239, 46.8121170950147416
1240, 46.7328457812413305
1241, 46.5937433799431204
1242, 46.4273963213346264
1243, 46.3235902662916317
1244, 46.1417306656248201
1245, 45.9473838769194245
1246, 45.8638029960456777
1247, 45.7650447278162744
1248, 45.6684346628352884
1249, 45.5548558119988556
1250, 45.4193899330830249
1251, 45.2306439631389594
1252, 45.0610102703874702
1253, 44.9047416034012485
1254, 44.8041955385612454
1255, 44.6506144265455163
1256, 44.5369919467306374
1257, 44.4198157988913920
1258, 44.2586534190483150
1259, 44.0520367310047973
1260, 43.8990924970543972
1261, 43.7371834637159509
1262, 43.5179479724252118
1263, 43.3561876999559885
1264, 43.2701127269721724
1265, 43.0914912426925127
1266, 42.9149972491095184
1267, 42.8506181004039064
1268, 42.7092111219162192
1269, 42.4874883040142777
1270, 42.2847553768982181
1271, 42.2384635583253782
1272, 42.1461901324168551
1273, 41.9925717823775742
1274, 41.7558456097360704
1275, 41.5221880575598306
1276, 41.3134773372137403
1277, 41.1017125369979794
1278, 40.9406863426734589
1279, 40.8503583435125535
1280, 40.6825270476539487
1281, 40.4994981816778363
1282, 40.2976735899154050
1283, 40.0941034605213957
1284, 39.9282120955975302
1285, 39.7227643635530114
1286, 39.6570295958738797
1287, 39.4973693181082979
1288, 39.3965599083317670
1289, 39.2195423436938313
1290, 39.0765627073101740
1291, 38.8834110056282896
1292, 38.6991690442253358
1293, 38.5313486451160117
1294, 38.3758941138069218
1295, 38.2378475244679734
1296, 38.0987616677611456
1297, 37.9882704468514092
1298, 37.8040604222552119
1299, 37.7023484515082075
1300, 37.5789191589544842
1301, 37.3599310344929165
1302, 37.1511748273044802
1303, 37.0768202232694648
1304, 36.9380188029672496
1305, 36.7760016408598034
1306, 36.6404652374659179
1307, 36.4310030253987591
1308, 36.2712313096117498
1309, 36.1565234683992003
1310, 35.9842803958811714
1311, 35.8051807442283234
1312, 35.6208102672719065
1313, 35.5398695990175142
1314, 35.4147738088017974
1315, 35.1963281681116840
1316, 35.0161836386167522
1317, 34.7730976770392601
1318, 34.6259870055905026
1319, 34.4896166708050700
1320, 34.3283019073522695
1321, 34.1268695258929000
1322, 33.8948005392619507
1323, 33.7202771020892129
1324, 33.4609671708055814
1325, 33.3591379372965662
1326, 33.1772604712896211
1327, 32.9014575856704212
1328, 32.8012594766679300
1329, 32.6683775972026638
1330, 32.3888461094267157
1331, 32.2265672621312262
1332, 32.0280904073353909
1333, 31.9417494618704971
1334, 31.8825451214464977
1335, 31.7401049517281493
1336, 31.6377588183561116
1337, 31.5580323441754764
1338, 31.3871660831328505
1339, 31.2607266140218805
1340, 31.0992272882102654
1341, 30.9208198452407430
1342, 30.7885844207162762
1343, 30.6258949430401373
1344, 30.5180713335341700
1345, 30.3498762832140088
1346, 30.1513233235353795
1347, 30.0250943644653603
1348, 29.9165228577807412
1349, 29.6934527726910673
1350, 29.4771446657584306
1351, 29.3313911881960045
1352, 29.1868978057604167
1353, 29.0081938624011855
1354, 28.9284147045816269
1355, 28.6987452970569024
1356, 28.4770266855680667
1357, 28.3075267970060338
1358, 28.1643992779770151
1359, 27.9584661969862651
1360, 27.8563116056483864
1361, 27.6892119878591778
1362, 27.4830286075954433
1363, 27.2829349548542410
1364, 27.0875184337327752
1365, 26.9540288647749904
1366, 26.7517050584902307
1367, 26.6002007457486229
1368, 26.3861677046973213
1369, 26.2337906785117099
1370, 26.0889416978521922
1371, 25.9975793534279838
1372, 25.8398196197716423
1373, 25.7254327636894899
1374, 25.4884467627202511
1375, 25.3513530199237849
1376, 25.1970556378660397
1377, 25.1086341319944921
1378, 24.8847177734080311
1379, 24.7684132055040713
1380, 24.5951830118466219
1381, 24.4430979489770692
1382, 24.2880752025505586
1383, 24.1458907306085138
1384, 23.9623536583002519
1385, 23.8226237031285457
1386, 23.6875231005418243
1387, 23.5220612862383049
1388, 23.3484184178812626
1389, 23.2926968569485098
1390, 23.0823584489364251
1391, 22.9148815483253365
1392, 22.7887673392398682
1393, 22.6420762041669619
1394, 22.5503951370387341
1395, 22.4169335689948994
1396, 22.2973333514767802
1397, 22.1886429398233638
1398, 21.9600518104760809
1399, 21.8011574966159287
1400, 21.6768490425710247
1401, 21.5989517088627103
1402, 21.3478083432574266
1403, 21.1436662724279572
1404, 21.0361024088231652
1405, 20.9283820392911863
1406, 20.7467299073392795
1407, 20.5107045046150169
1408, 20.3062814235765430
1409, 20.2213128135208500
1410, 19.9540721120712377
1411, 19.7815493291117193
1412, 19.6521092279512573
1413, 19.4885522129412649
1414, 19.3293636662222177
1415, 19.2515808168676550
1416, 19.0753213732506595
1417, 18.9297483222804175
1418, 18.7494434017075164
1419, 18.6164753009614898
1420, 18.4390314778390980
1421, 18.2978828903060453
1422, 18.1339958089958557
1423, 18.0930794223178140
1424, 18.0188007001619432
1425, 17.8292684670468091
1426, 17.6433006902342555
1427, 17.4141228193347679
1428, 17.2017091608141861
1429, 16.9450317509265247
1430, 16.8176147078139984
1431, 16.6103335752457433
1432, 16.4443796479248086
1433, 16.3724935377490759
1434, 16.2450420470785595
1435, 16.0205218412548760
1436, 15.8183573340433448
1437, 15.5657825296158467
1438, 15.3446374287852692
1439, 15.2576979865251232
1440, 15.1196037956244052
1441, 14.8897401304216341
1442, 14.7586965885470391
1443, 14.6340490371141065
1444, 14.4177944865565717
1445, 14.2486750780981666
1446, 14.0921801476005335
1447, 13.9470956052779513
1448, 13.8248984071814132
1449, 13.6894099555930513
1450, 13.5291780103620276
1451, 13.4989395872504279
1452, 13.3326399054969382
1453, 13.0828472383111993
1454, 12.8726776410826051
1455, 12.6902796682267240
1456, 12.5702668031477369
1457, 12.3346758034575217
1458, 12.1023653432145437
1459, 11.9239418565647135
1460, 11.7906898417282395
1461, 11.6641442235294086
1462, 11.4828188787392254
1463, 11.2732065226607556
1464, 11.2191642928737796
1465, 11.0772389034187260
1466, 10.9167427732854208
1467, 10.7805762155886722
1468, 10.5770446542618721
1469, 10.4226878348043197
1470, 10.2806023621932940
1471, 10.0778132804805391
1472,  9.8983886877274347
1473,  9.7606171278481142
1474,  9.5144054475664355
1475,  9.4058412231412341
1476,  9.2291365561275143
1477,  9.0321584769461989
1478,  8.8256244576418101
1479,  8.7382216680254032
1480,  8.5517401641590851
1481,  8.3859281031332742
1482,  8.1869473479227182
1483,  7.9714424049650559
1484,  7.8323880659645653
1485,  7.6599154446101423
1486,  7.5002684522539127
1487,  7.2963040268617911
1488,  7.1774756396348405
1489,  7.0348623796276293
1490,  6.8863005165680704
1491,  6.7390832117916277
1492,  6.6316226302443972
1493,  6.5020713012321849
1494,  6.3053635480376586
1495,  6.1544446880569161
1496,  5.9851778875323802
1497,  5.9049808522244494
1498,  5.6662844721908883
1499,  5.5082258077896560
1500,  5.2950903502575581
1501,  5.0324760625482794
1502,  4.8353536066113874
1503,  4.6105827808804802
1504,  4.4404034557788901
1505,  4.2876907422395396
1506,  4.1195659742892676
1507,  3.9457254725233257
1508,  3.8077127219131208
1509,  3.6086968834505280
1510,  3.2942946451354080
1511,  3.1783424110004885
1512,  2.9976087309981070
1513,  2.8610239153104988
1514,  2.7139876629232935
1515,  2.5311796519618692
1516,  2.3901818594765505
1517,  2.1471104802011949
1518,  1.9961991986519676
1519,  1.8862617831443353
1520,  1.7898085648695288
1521,  1.5882511223411155
1522,  1.3957904049580643
1523,  1.2744974984986435
1524,  1.0684805987402637
1525,  0.9192909916474123
1526,  0.7287562794606162
1527,  0.5144551527969057
1528,  0.3389128791340443
1529,  0.1520240830215256
1530, -0.0490954370697372
1531, -0.2594631157400125
1532, -0.4021081082951463
1533, -0.4879221607833673
1534, -0.6889052643484552
1535, -0.9320708671417401
1536, -1.1606205800783735
1537, -1.3312072544445623
1538, -1.5116986177585954
1539, -1.7507358275999287
1540, -1.9206249127450867
1541, -2.1081367812082048
1542, -2.2739473361012061
1543, -2.4626800243444862
1544, -2.7237279282091196
1545, -2.8335302237401701
1546, -2.9441358863418596
1547, -3.1257858153644342
1548, -3.2269045905111629
1549, -3.3621350373182421
1550, -3.6003040841194718
1551, -3.7402596597616524
1552, -3.9853302084314830
1553, -4.1890456556435183
1554, -4.3488015067172885
1555, -4.4630440608858004
1556, -4.6907646381511050
1557, -4.8648860366256708
1558, -4.9876005737482227
1559, -5.1729368691998028
1560, -5.4576694120061529
1561, -5.5954711285010763
1562, -5.7502904273158997
1563, -5.8883369332595432
1564, -6.0800846287676631
1565, -6.2031764771989639
1566, -6.3834760933819839
1567, -6.5707206593550902
1568, -6.7654112030509479
1569, -6.8302958240515146
1570, -6.9758848847417712
1571, -7.2987370820727699
1572, -7.5150051591113165
1573, -7.6651970177238873
1574, -7.8916131534970733
1575, -8.1294624612791804
1576, -8.3649514922285988
1577, -8.5388314374999741
1578, -8.7614604735081159
1579, -8.9560409833691423
1580, -9.1577826006687442
1581, -9.3608798317729871
1582, -9.5850453900979709
1583, -9.8239429869317121
1584, -9.9355520708941611
1585,-10.0829053104828397
1586,-10.2720239220074099
1587,-10.4612821777270035
1588,-10.6459424438276002
1589,-10.7414038567988879
1590,-10.9593961839887761
1591,-11.2216894279672825
1592,-11.4163483854166206
1593,-11.5842306426750596
1594,-11.7764723099468895
1595,-11.9994868716904506
1596,-12.1518293837260316
1597,-12.2676827113895826
1598,-12.4657409629512479
1599,-12.5631500278014627
1600,-12.8436011327894661
1601,-12.8666972375782276
1602,-12.7819444266552917
1603,-12.7923540178523982
1604,-12.7059426643858409
1605,-12.7214849467501274
1606,-12.6308473238159955
1607,-12.6305267077487677
1608,-12.6106671688120908
1609,-12.5688201962317994
1610,-12.6173071368653282
1611,-12.5980078418164645
1612,-12.5750923549939504
1613,-12.4831221529394298
1614,-12.5207482976498561
1615,-12.4263745579547731
1616,-12.4098812674729047
1617,-12.4089888816093676
1618,-12.3344616948384598
1619,-12.2953286362695628
1620,-12.2230781764732281
1621,-12.1087790617523083
1622,-12.0897971105676465
1623,-12.1679078768859021
1624,-12.1751497331461742
1625,-12.1655527478199321
1626,-12.1388582796342668
1627,-12.2059951191358529
1628,-12.2247989539148456
1629,-12.2298722554846435
1630,-12.2206502017841938
1631,-12.2353635588657497
1632,-12.2430449779420094
1633,-12.1191721379662454
1634,-12.1076983469266182
1635,-12.1607813637149125
1636,-12.2010007596065684
1637,-12.1777231190170578
1638,-12.0475448663379971
1639,-11.9901875076919033
1640,-12.0427889756552826
1641,-12.0239081521529165
1642,-12.0470876296411227
1643,-12.0921142918633535
1644,-12.0650913674878453
1645,-11.9003974520734310
1646,-11.7953794602683484
1647,-11.8550588165433162
1648,-11.8095480730154687
1649,-11.7516192020162258
1650,-11.6761537823966428
1651,-11.6280386874469528
1652,-11.5163418748984050
1653,-11.5689094379837982
1654,-11.4993075184310154
1655,-11.4972561273044676
1656,-11.5049414660315286
1657,-11.4186041209490572
1658,-11.2705698153801830
1659,-11.2241113342095673
1660,-11.1552529201901258
1661,-11.1579683589532905
1662,-11.1201339868301901
1663,-11.1799105272229138
1664,-11.1459595008943282
1665,-11.0342946968507896
1666,-10.9269593345145992
1667,-10.9113792427248395
1668,-10.8796161011053130
1669,-10.9405967878590271
1670,-11.0432322927122506
1671,-10.9840951845483090
1672,-11.0088334642359520
1673,-10.9808181194923229
1674,-10.9193360213231934
1675,-10.8083131800142809
1676,-10.7069381487911919
1677,-10.6253116613088938
1678,-10.6226371970148001
1679,-10.5325662137012319
1680,-10.5621085646139488
1681,-10.5937702723286531
1682,-10.6462041255367836
1683,-10.6206771859039719
1684,-10.5602087223038623
1685,-10.4689815914368527
1686,-10.3819118806790254
1687,-10.3480896154398110
1688,-10.3443191741869605
1689,-10.3196899783634155
1690,-10.2619258649149039
1691,-10.1692545439017366
1692,-10.1861759209093705
1693,-10.2327632072365766
1694,-10.3303719250115478
1695,-10.3883461700117099
1696,-10.4098179914012565
1697,-10.4215067305351958
1698,-10.3825997111785338
1699,-10.4112074327429376
1700,-10.4056046060437026
1701,-10.4468585000841081
1702,-10.4934997463585606
1703,-10.4912628213538639
1704,-10.5554065286910621
1705,-10.5775991170764954
1706,-10.4010441403805540
1707,-10.3659739511959117
1708,-10.3818264346174480
1709,-10.3617633609736650
1710,-10.2944104801681693
1711,-10.2515817449442821
1712,-10.2414448614371061
1713,-10.3091041932744094
1714,-10.3038269993507328
1715,-10.2068624241220469
1716,-10.1767647076044732
1717,-10.1285209107484473
1718,-10.1004550069091366
1719,-10.0384200805756336
1720, -9.8948782004322275
1721, -9.8365171400838083
1722, -9.9085112438628578
1723, -9.8630263382596510
1724, -9.8654861294329450
1725, -9.8346389058150230
1726, -9.8523022637956377
1727, -9.7468742453935082
1728, -9.7233538087174729
1729, -9.6652502665440618
1730, -9.6697634276844511
1731, -9.4844564574241232
1732, -9.4690112767495194
1733, -9.4150187894056998
1734, -9.4121540384416473
1735, -9.4209934084218148
1736, -9.3927246628465433
1737, -9.2855338282610305
1738, -9.1572783924908912
1739, -9.1435530912263374
1740, -9.1170597109804863
1741, -9.0148664166750621
1742, -8.8872582742648216
1743, -8.8873261569939466
1744, -8.8725307572003125
1745, -8.7679768193766332
1746, -8.7171214369107215
1747, -8.7513401327570488
1748, -8.6728759178344852
1749, -8.8342111807865358
1750, -8.7465013810275405
1751, -8.6880824798906513
1752, -8.6268615219420361
1753, -8.5587803518116079
1754, -8.5567489778109351
1755, -8.5363093863612054
1756, -8.5713075699303776
1757, -8.6391158494512013
1758, -8.5704921704515122
1759, -8.6171655860011320
1760, -8.4986498037386902
1761, -8.3894743889904895
1762, -8.3814128731033577
1763, -8.3432416419595903
1764, -8.2130072375776226
1765, -8.1794012754681287
1766, -8.1092621078273233
1767, -8.0324099562925344
1768, -7.9093882031058991
1769, -7.9046360059094072
1770, -7.8700082711515620
1771, -7.8770464645320244
1772, -7.9472458644650619
1773, -8.0761967307487978
1774, -8.1034461605667829
1775, -8.0723617114772068
1776, -8.0940581608013886
1777, -8.0698896413260428
1778, -8.0309360963765837
1779, -7.9292544663486453
1780, -8.0322603922044777
1781, -7.8497907744236119
1782, -7.8141041459855440
1783, -7.7166859303643101
1784, -7.8179841493934887
1785, -7.6781657831580956
1786, -7.6434464169138598
1787, -7.6521125785982553
1788, -7.6686860750038734
1789, -7.6480105496013167
1790, -7.6799615356563020
1791, -7.7001640890692267
1792, -7.8050139203764237
1793, -7.7959888902877452
1794, -7.8397570950940967
1795, -7.9014456771196713
1796, -7.9280517208584058
1797, -7.8420432275949894
1798, -7.8632863107337725
1799, -7.7149518223748235
1800, -7.5254437078879235
1801, -7.6141636600419895
1802, -7.6292111349145868
1803, -7.6084026514016516
1804, -7.6357160176847492
1805, -7.5055955556194043
1806, -7.4657455171377523
1807, -7.5002232222095708
1808, -7.5108836217178876
1809, -7.5653465866005254
1810, -7.5740605253023823
1811, -7.4626883592235309
1812, -7.5075578690241755
1813, -7.4320101111614205
1814, -7.4231652214832167
1815, -7.5217652844071692
1816, -7.5543440994400655
1817, -7.6550286088638950
1818, -7.4803014887323860
1819, -7.4325301856435972
1820, -7.3929422746694327
1821, -7.3633034919588614
1822, -7.3156689763541278
1823, -7.3099112529094858
1824, -7.3122781321345380
1825, -7.3536501110796797
1826, -7.3391951838117802
1827, -7.3187149899208990
1828, -7.3665302869922504
1829, -7.3263538152042669
1830, -7.4041892344420956
1831, -7.3561319868281512
1832, -7.3328133869720071
1833, -7.2307413798167470
1834, -7.2013271854439935
1835, -7.1290746432599699
1836, -6.9824416707815153
1837, -6.9261382466736681
1838, -6.8255007226718583
1839, -6.8234228632353089
1840, -6.8380082028688607
1841, -6.8316318532419871
1842, -6.8787873640950759
1843, -6.8341732188262521
1844, -6.7830988505623946
1845, -6.8364880651296094
1846, -6.8107961485248936
1847, -6.7470697816338419
1848, -6.7663926344714342
1849, -6.8248139808460531
1850, -6.7851152459757662
1851, -6.8704192327250722
1852, -6.7345108051437759
1853, -6.7148414230469422
1854, -6.7716478484993621
1855, -6.7803362662106919
1856, -6.6859396316779005
1857, -6.6806791802645273
1858, -6.6583800064011598
1859, -6.5749904563397124
1860, -6.4622664066275828
1861, -6.4669222894924667
1862, -6.3898973140512751
1863, -6.3617185905065243
1864, -6.3101616836785315
1865, -6.2506049507447488
1866, -6.1751796839755064
1867, -6.1239655381307374
1868, -6.1257759395017288
1869, -6.0627303961226318
1870, -6.0126959450036690
1871, -5.9427239968696899
1872, -5.9367972861868168
1873, -5.8763512781367186
1874, -5.8714264835176841
1875, -5.8177068725712022
1876, -5.8631093673047259
1877, -5.6529815907425354
1878, -5.6042623212626470
1879, -5.5794076418089400
1880, -5.6621473211586029
1881, -5.6356098452110750
1882, -5.5804438223980846
1883, -5.5189438009788683
1884, -5.4918295603646659
1885, -5.4686800979642465
1886, -5.3934545001485077
1887, -5.2733218092670811
1888, -5.2993247630926996
1889, -5.2830891189644786
1890, -5.3440943994586938
1891, -5.3550324432195175
1892, -5.4342997203017207
1893, -5.4643253550811348
1894, -5.3229907886784975
1895, -5.1973865335428631
1896, -5.2107397518345167
1897, -5.1511273164985951
1898, -5.0909805614717802
1899, -4.8382360663924828
1900, -4.9279233847270376
1901, -4.9200992375808426
1902, -4.8562192676064058
1903, -4.8986359009528080
1904, -4.8635244253653127
1905, -4.9265677257294715
1906, -4.9071714478295201
1907, -4.7637012470858746
1908, -4.7246342651707209
1909, -4.6770449622599406
1910, -4.6464108732965848
1911, -4.7092992385380548
1912, -4.9203245750442619
1913, -4.8441948366327257
1914, -4.9099023649249132
1915, -5.1652364050695709
1916, -5.1486929399096759
1917, -5.2314410726277716
1918, -5.1923471480013852
1919, -5.1937901843494618
1920, -5.1444550423561015
1921, -4.9927151314749851
1922, -5.0698957841113872
1923, -4.9516564975480009
1924, -4.9280775053644597
1925, -4.9630545105898110
1926, -5.0020508530305490
1927, -5.0255110808671031
1928, -5.0620605131347087
1929, -5.1824430392815142
1930, -5.2162235878736682
1931, -5.1211643294677671
1932, -5.1253586071788124
1933, -5.1821511140036733
1934, -5.0882106613752391
1935, -5.1644294370708712
1936, -5.2172435859627146
1937, -5.1485259666415013
1938, -5.1778996087081133
1939, -5.1296065916799778
1940, -5.2409958426914987
1941, -5.2884623256130716
1942, -5.1215023477165609
1943, -5.1025412854717427
1944, -4.9532506142906261
1945, -5.0565362941660288
1946, -5.1522263918458222
1947, -5.1260343468763452
1948, -4.9665714396761889
1949, -5.0516700588259180
1950, -5.0948019513273506
1951, -4.9397811635851907
1952, -4.8295929775594715
1953, -4.8209454883227085
1954, -4.7996874016738289
1955, -4.6505724789773577
1956, -4.3320552534665007
1957, -4.2741378455658072
1958, -4.1490466198188631
1959, -4.0809486791404019
1960, -3.9551451524478836
1961, -3.8134281211899075
1962, -3.7453273972183543
1963, -3.6316631675427220
1964, -3.4919844420137007
1965, -3.2078511034046109
1966, -2.9519192649404609
1967, -3.1831090738422869
1968, -3.2305020611914439
1969, -2.7143715838314781
1970, -2.4946030949317390
1971, -2.7707341441890962
1972, -2.6449937042057776
1973, -2.6186603759938731
1974, -2.2702840758678144
1975, -2.3117190072910518
1976, -2.3185859146682111
1977, -1.9138644942480385
1978, -1.9685813768534619
1979, -2.0008786984228362
1980, -2.1621561822020796
1981, -2.2920852783969528
1982, -2.5237399886054956
1983, -2.3410788539105090
1984, -2.3819546296749015
1985, -2.0356424076460131
1986, -2.0554069788891840
1987, -1.9535732735344411
1988, -2.0703480126797587
1989, -1.8415173438311385
1990, -1.2389869164148799
1991, -1.0129590352827571
1992, -0.5792490116048055
1993, -0.4081472759279436
1994, -0.1943370900291901
1995, -0.3039007328130379
1996, -0.5173231804630196
1997, -1.1693124370874293
1998, -1.6583113583974893
1999, -1.1234266236534871
